MDC_ACCELERATION_INDEX,MDC_DIM_PER_HECTO_SEC_SQ,/(100.s2)
MDC_ACOUSTIC_RESP_RATE,MDC_DIM_RESP_PER_MIN,/min,1/min,{breath}/min,{breaths}/min,{resp}/min
MDC_AMOUNT_DRUG_REMAIN_CONTAINER,MDC_DIM_X_G_PER_KG,g/kg,MDC_DIM_MILLI_G_PER_KG,mg/kg,MDC_DIM_MICRO_G_PER_KG,ug/kg,MDC_DIM_NANO_G_PER_KG,ng/kg,MDC_DIM_MILLI_L,mL,MDC_DIM_X_G,g,MDC_DIM_MILLI_G,mg,MDC_DIM_MICRO_G,ug,MDC_DIM_NANO_G,ng,MDC_DIM_X_G_PER_M_SQ,g/m2,MDC_DIM_KILO_G_PER_M_SQ,kg/m2,MDC_DIM_MILLI_G_PER_M_SQ,mg/m2,MDC_DIM_MICRO_G_PER_M_SQ,ug/m2,MDC_DIM_NANO_G_PER_M_SQ,ng/m2,MDC_DIM_MILLI_L_PER_KG,mL/kg,MDC_DIM_X_MOLE,mol,MDC_DIM_MILLI_MOLE,mmol,MDC_DIM_X_EQUIV,eq,MDC_DIM_MILLI_EQUIV,meq,MDC_DIM_X_MOLE_PER_KG,mol/kg,MDC_DIM_MILLI_MOLE_PER_KG,mmol/kg,MDC_DIM_X_MOLE_PER_M_SQ,mol/m2,MDC_DIM_MILLI_MOLE_PER_M_SQ,mmol/m2,MDC_DIM_X_EQUIV_PER_KG,eq/kg,MDC_DIM_MILLI_EQUIV_PER_KG,meq/kg,MDC_DIM_X_EQUIV_PER_M_SQ,eq/m2,MDC_DIM_MILLI_EQUIV_PER_M_SQ,meq/m2,MDC_DIM_X_INTL_UNIT,[iU],MDC_DIM_MILLI_INTL_UNIT,m[iU],MDC_DIM_MEGA_INTL_UNIT,M[iU],MDC_DIM_X_INTL_UNIT_PER_KG,[iU]/kg,MDC_DIM_MILLI_INTL_UNIT_PER_KG,m[iU]/kg,MDC_DIM_MEGA_INTL_UNIT_PER_KG,M[iU]/kg,MDC_DIM_X_INTL_UNIT_PER_M_SQ,[iU]/m2,MDC_DIM_MILLI_INTL_UNIT_PER_M_SQ,m[iU]/m2,MDC_DIM_MEGA_INTL_UNIT_PER_M_SQ,M[iU]/m2,MDC_DIM_KILO_INTL_UNIT,k[iU],MDC_DIM_KILO_INTL_UNIT_PER_KG,k[iU]/kg,MDC_DIM_X_ARB_UNIT,[arb'U],MDC_DIM_X_ARB_UNIT_PER_KG,[arb'U]/kg,MDC_DIM_X_ARB_UNIT_PER_M_SQ,[arb'U]/m2,MDC_DIM_MEGA_ARB_UNIT,M[arb'U],MDC_DIM_MEGA_ARB_UNIT_PER_KG,M[arb'U]/kg,MDC_DIM_MEGA_ARB_UNIT_PER_M_SQ,M[arb'U]/m2,MDC_DIM_KILO_ARB_UNIT,k[arb'U],MDC_DIM_KILO_ARB_UNIT_PER_KG,k[arb'U]/kg,MDC_DIM_MILLI_ARB_UNIT,m[arb'U],MDC_DIM_MILLI_ARB_UNIT_PER_KG,m[arb'U]/kg,MDC_DIM_MILLI_ARB_UNIT_PER_M_SQ,m[arb'U]/m2
MDC_AREA_BODY_SURF_ACTUAL,MDC_DIM_SQ_M,m2
MDC_ATTR_ALARM_INACTIVATION_STATE,MDC_DIM_NOS,{unknown}
MDC_ATTR_ALARM_PRIORITY,MDC_DIM_NOS,{unknown}
MDC_ATTR_ALARM_STATE,MDC_DIM_NOS,{unknown}
MDC_ATTR_ALERT_SOURCE,MDC_DIM_NOS,{unknown}
MDC_ATTR_ALERT_TYPE,MDC_DIM_NOS,{unknown}
MDC_ATTR_EVENT_PHASE,MDC_DIM_NOS,{unknown}
MDC_ATTR_GPS_ALT,MDC_DIM_M,m
MDC_ATTR_GPS_ALT_ACCY,MDC_DIM_M,m
MDC_ATTR_GPS_COORDINATES,MDC_DIM_ANG_DEG,deg
MDC_ATTR_GPS_COORD_ACCY,MDC_DIM_ANG_DEG,deg
MDC_ATTR_GPS_HEADING,MDC_DIM_ANG_DEG,deg
MDC_ATTR_GPS_LAT,MDC_DIM_ANG_DEG,deg
MDC_ATTR_GPS_LAT_ACCY,MDC_DIM_ANG_DEG,deg
MDC_ATTR_GPS_LON,MDC_DIM_ANG_DEG,deg
MDC_ATTR_GPS_LON_ACCY,MDC_DIM_ANG_DEG,deg
MDC_ATTR_GPS_PITCH,MDC_DIM_ANG_DEG,deg
MDC_ATTR_GPS_SPEED,MDC_DIM_KILO_M_PER_SEC,km/h
MDC_ATTR_LS_COORD_X,MDC_DIM_M,m
MDC_ATTR_LS_COORD_XYZ,MDC_DIM_M,m
MDC_ATTR_LS_COORD_XYZ_ACCY,MDC_DIM_M,m
MDC_ATTR_LS_COORD_X_ACCY,MDC_DIM_M,m
MDC_ATTR_LS_COORD_Y,MDC_DIM_M,m
MDC_ATTR_LS_COORD_Y_ACCY,MDC_DIM_M,m
MDC_ATTR_LS_COORD_Z,MDC_DIM_M,m
MDC_ATTR_LS_COORD_Z_ACCY,MDC_DIM_M,m
MDC_ATTR_LS_REF_GPS,MDC_DIM_ANG_DEG,deg
MDC_ATTR_LS_REF_GPS_ALT,MDC_DIM_M,m
MDC_ATTR_LS_REF_GPS_BEARING,MDC_DIM_ANG_DEG,deg
MDC_ATTR_LS_REF_GPS_LAT,MDC_DIM_ANG_DEG,deg
MDC_ATTR_LS_REF_GPS_LON,MDC_DIM_ANG_DEG,deg
MDC_ATTR_LS_REF_LIMITS,MDC_DIM_M,m
MDC_ATTR_PT_HEIGHT,MDC_DIM_CENTI_M,cm,MDC_DIM_INCH,[in_i]
MDC_ATTR_PT_WEIGHT,MDC_DIM_KILO_G,kg,MDC_DIM_G,g,MDC_DIM_LB,[lb_av],MDC_DIM_OZ,[oz_av]
MDC_ATTR_PT_WEIGHT_LAST,MDC_DIM_G,g
MDC_ATTR_SAMPLE_RATE,MDC_DIM_HZ,Hz,MDC_DIM_SEC,s
MDC_ATTR_SCALE_RANGE_SIZE,MDC_DIM_CENTI_M,cm,MDC_DIM_MILLI_M,mm
MDC_ATTR_TIME_PD_MSMT_ACTIVE,MDC_DIM_SEC,s
MDC_AWAY_O2_DELTA,MDC_DIM_PERCENT,%,MDC_DIM_VOL_PERCENT,%{vol},MDC_DIM_KILO_PASCAL,kPa,MDC_DIM_MMHG,mm[Hg],MDC_DIM_MILLI_BAR,mbar
MDC_AWAY_RESP_RATE,MDC_DIM_RESP_PER_MIN,/min,1/min,{breath}/min,{breaths}/min,{resp}/min
MDC_BASE_EXCESS_BLD_ART,MDC_DIM_MILLI_MOLE_PER_L,mmol/L,MDC_DIM_MILLI_EQUIV_PER_L,meq/L
MDC_BASE_EXCESS_FLUID_EXTRACELLULAR,MDC_DIM_MILLI_MOLE_PER_L,mmol/L
MDC_BLD_PERF_INDEX,MDC_DIM_PERCENT,%
MDC_BLD_PULS_RATE_INV,MDC_DIM_PER_MIN,/min,1/min,{count}/min,MDC_DIM_BEAT_PER_MIN,/min,1/min,{beat}/min,{beats}/min,MDC_DIM_PULS_PER_MIN,/min,1/min,{pulse}/min,{pulses}/min
MDC_BLD_SHUNT_FRACTION,MDC_DIM_PERCENT,%
MDC_BODY_FAT,MDC_DIM_PERCENT,%
MDC_BODY_WATER,MDC_DIM_DIMLESS,{unitless},1,MDC_DIM_PERCENT,%
MDC_CAPAC_VITAL,MDC_DIM_MILLI_L,mL,MDC_DIM_L,L
MDC_CIRCUM_HEAD,MDC_DIM_CENTI_M,cm,MDC_DIM_INCH,[in_i]
MDC_CO2_RESP_RATE,MDC_DIM_RESP_PER_MIN,/min,1/min,{breath}/min,{breaths}/min,{resp}/min
MDC_CO2_TCUT,MDC_DIM_KILO_PASCAL,kPa,MDC_DIM_MMHG,mm[Hg]
MDC_COAG_CONTROL,MDC_DIM_INR,{INR}
MDC_COMPL_LUNG,MDC_DIM_MILLI_L_PER_CM_H2O,mL/cm[H2O],MDC_DIM_MILLI_L_PER_MBAR,mL/mbar,MDC_DIM_L_PER_BAR,L/bar,MDC_DIM_MILLI_L_PER_HPA,mL/hPa,MDC_DIM_L_PER_MBAR,L/mbar
MDC_COMPL_LUNG_DYN,MDC_DIM_MILLI_L_PER_CM_H2O,mL/cm[H2O],MDC_DIM_MILLI_L_PER_MBAR,mL/mbar,MDC_DIM_L_PER_BAR,L/bar,MDC_DIM_MILLI_L_PER_HPA,mL/hPa,MDC_DIM_L_PER_MBAR,L/mbar
MDC_COMPL_LUNG_DYNAMIC,MDC_DIM_MILLI_L_PER_CM_H2O,mL/cm[H2O],MDC_DIM_MILLI_L_PER_MBAR,mL/mbar,MDC_DIM_L_PER_BAR,L/bar,MDC_DIM_MILLI_L_PER_HPA,mL/hPa,MDC_DIM_L_PER_MBAR,L/mbar
MDC_COMPL_LUNG_STATIC,MDC_DIM_MILLI_L_PER_CM_H2O,mL/cm[H2O],MDC_DIM_MILLI_L_PER_MBAR,mL/mbar,MDC_DIM_L_PER_BAR,L/bar,MDC_DIM_MILLI_L_PER_HPA,mL/hPa,MDC_DIM_L_PER_MBAR,L/mbar
MDC_CONC_AWAY_AGENT,MDC_DIM_PERCENT,%,MDC_DIM_VOL_PERCENT,%{vol},MDC_DIM_KILO_PASCAL,kPa,MDC_DIM_MMHG,mm[Hg],MDC_DIM_MILLI_BAR,mbar
MDC_CONC_AWAY_AGENT_ET,MDC_DIM_PERCENT,%,MDC_DIM_VOL_PERCENT,%{vol},MDC_DIM_KILO_PASCAL,kPa,MDC_DIM_MMHG,mm[Hg],MDC_DIM_MILLI_BAR,mbar
MDC_CONC_AWAY_AGENT_INSP,MDC_DIM_PERCENT,%,MDC_DIM_VOL_PERCENT,%{vol},MDC_DIM_KILO_PASCAL,kPa,MDC_DIM_MMHG,mm[Hg],MDC_DIM_MILLI_BAR,mbar
MDC_CONC_AWAY_AR,MDC_DIM_PERCENT,%,MDC_DIM_VOL_PERCENT,%{vol},MDC_DIM_KILO_PASCAL,kPa,MDC_DIM_MMHG,mm[Hg],MDC_DIM_MILLI_BAR,mbar
MDC_CONC_AWAY_AR_ET,MDC_DIM_PERCENT,%,MDC_DIM_VOL_PERCENT,%{vol},MDC_DIM_KILO_PASCAL,kPa,MDC_DIM_MMHG,mm[Hg],MDC_DIM_MILLI_BAR,mbar
MDC_CONC_AWAY_AR_EXP,MDC_DIM_PERCENT,%,MDC_DIM_VOL_PERCENT,%{vol},MDC_DIM_KILO_PASCAL,kPa,MDC_DIM_MMHG,mm[Hg],MDC_DIM_MILLI_BAR,mbar
MDC_CONC_AWAY_AR_INSP,MDC_DIM_PERCENT,%,MDC_DIM_VOL_PERCENT,%{vol},MDC_DIM_KILO_PASCAL,kPa,MDC_DIM_MMHG,mm[Hg],MDC_DIM_MILLI_BAR,mbar
MDC_CONC_AWAY_CO2,MDC_DIM_PERCENT,%,MDC_DIM_VOL_PERCENT,%{vol},MDC_DIM_KILO_PASCAL,kPa,MDC_DIM_MMHG,mm[Hg],MDC_DIM_MILLI_BAR,mbar
MDC_CONC_AWAY_CO2_ET,MDC_DIM_PERCENT,%,MDC_DIM_VOL_PERCENT,%{vol},MDC_DIM_KILO_PASCAL,kPa,MDC_DIM_MMHG,mm[Hg],MDC_DIM_MILLI_BAR,mbar
MDC_CONC_AWAY_CO2_EXP,MDC_DIM_PERCENT,%,MDC_DIM_VOL_PERCENT,%{vol},MDC_DIM_KILO_PASCAL,kPa,MDC_DIM_MMHG,mm[Hg],MDC_DIM_MILLI_BAR,mbar
MDC_CONC_AWAY_CO2_EXP_PLATEAU_ALV_SLOPE,MDC_DIM_VOL_PERCENT_PER_L,%{vol}/L,MDC_DIM_MM_HG_PER_L,mm[Hg]/L,MDC_DIM_KILO_PASCAL_PER_L,kPa/L
MDC_CONC_AWAY_CO2_INSP,MDC_DIM_PERCENT,%,MDC_DIM_VOL_PERCENT,%{vol},MDC_DIM_KILO_PASCAL,kPa,MDC_DIM_MMHG,mm[Hg],MDC_DIM_MILLI_BAR,mbar
MDC_CONC_AWAY_CO2_INSP_MIN,MDC_DIM_PERCENT,%,MDC_DIM_KILO_PASCAL,kPa,MDC_DIM_MMHG,mm[Hg]
MDC_CONC_AWAY_DESFL,MDC_DIM_PERCENT,%,MDC_DIM_VOL_PERCENT,%{vol},MDC_DIM_KILO_PASCAL,kPa,MDC_DIM_MMHG,mm[Hg],MDC_DIM_MILLI_BAR,mbar
MDC_CONC_AWAY_DESFL_ET,MDC_DIM_PERCENT,%,MDC_DIM_VOL_PERCENT,%{vol},MDC_DIM_KILO_PASCAL,kPa,MDC_DIM_MMHG,mm[Hg],MDC_DIM_MILLI_BAR,mbar
MDC_CONC_AWAY_DESFL_ET_SETTING,MDC_DIM_PERCENT,%,MDC_DIM_VOL_PERCENT,%{vol},MDC_DIM_KILO_PASCAL,kPa,MDC_DIM_MMHG,mm[Hg],MDC_DIM_MILLI_BAR,mbar
MDC_CONC_AWAY_DESFL_EXP,MDC_DIM_PERCENT,%,MDC_DIM_VOL_PERCENT,%{vol},MDC_DIM_KILO_PASCAL,kPa,MDC_DIM_MMHG,mm[Hg],MDC_DIM_MILLI_BAR,mbar
MDC_CONC_AWAY_DESFL_INSP,MDC_DIM_PERCENT,%,MDC_DIM_VOL_PERCENT,%{vol},MDC_DIM_KILO_PASCAL,kPa,MDC_DIM_MMHG,mm[Hg],MDC_DIM_MILLI_BAR,mbar
MDC_CONC_AWAY_ENFL,MDC_DIM_PERCENT,%,MDC_DIM_VOL_PERCENT,%{vol},MDC_DIM_KILO_PASCAL,kPa,MDC_DIM_MMHG,mm[Hg],MDC_DIM_MILLI_BAR,mbar
MDC_CONC_AWAY_ENFL_ET,MDC_DIM_PERCENT,%,MDC_DIM_VOL_PERCENT,%{vol},MDC_DIM_KILO_PASCAL,kPa,MDC_DIM_MMHG,mm[Hg],MDC_DIM_MILLI_BAR,mbar
MDC_CONC_AWAY_ENFL_ET_SETTING,MDC_DIM_PERCENT,%,MDC_DIM_VOL_PERCENT,%{vol},MDC_DIM_KILO_PASCAL,kPa,MDC_DIM_MMHG,mm[Hg],MDC_DIM_MILLI_BAR,mbar
MDC_CONC_AWAY_ENFL_EXP,MDC_DIM_PERCENT,%,MDC_DIM_VOL_PERCENT,%{vol},MDC_DIM_KILO_PASCAL,kPa,MDC_DIM_MMHG,mm[Hg],MDC_DIM_MILLI_BAR,mbar
MDC_CONC_AWAY_ENFL_INSP,MDC_DIM_PERCENT,%,MDC_DIM_VOL_PERCENT,%{vol},MDC_DIM_KILO_PASCAL,kPa,MDC_DIM_MMHG,mm[Hg],MDC_DIM_MILLI_BAR,mbar
MDC_CONC_AWAY_HALOTH,MDC_DIM_PERCENT,%,MDC_DIM_VOL_PERCENT,%{vol},MDC_DIM_KILO_PASCAL,kPa,MDC_DIM_MMHG,mm[Hg],MDC_DIM_MILLI_BAR,mbar
MDC_CONC_AWAY_HALOTH_ET,MDC_DIM_PERCENT,%,MDC_DIM_VOL_PERCENT,%{vol},MDC_DIM_KILO_PASCAL,kPa,MDC_DIM_MMHG,mm[Hg],MDC_DIM_MILLI_BAR,mbar
MDC_CONC_AWAY_HALOTH_ET_SETTING,MDC_DIM_PERCENT,%,MDC_DIM_VOL_PERCENT,%{vol},MDC_DIM_KILO_PASCAL,kPa,MDC_DIM_MMHG,mm[Hg],MDC_DIM_MILLI_BAR,mbar
MDC_CONC_AWAY_HALOTH_EXP,MDC_DIM_PERCENT,%,MDC_DIM_VOL_PERCENT,%{vol},MDC_DIM_KILO_PASCAL,kPa,MDC_DIM_MMHG,mm[Hg],MDC_DIM_MILLI_BAR,mbar
MDC_CONC_AWAY_HALOTH_INSP,MDC_DIM_PERCENT,%,MDC_DIM_VOL_PERCENT,%{vol},MDC_DIM_KILO_PASCAL,kPa,MDC_DIM_MMHG,mm[Hg],MDC_DIM_MILLI_BAR,mbar
MDC_CONC_AWAY_HE,MDC_DIM_PERCENT,%,MDC_DIM_VOL_PERCENT,%{vol},MDC_DIM_KILO_PASCAL,kPa,MDC_DIM_MMHG,mm[Hg],MDC_DIM_MILLI_BAR,mbar
MDC_CONC_AWAY_HE_ET,MDC_DIM_PERCENT,%,MDC_DIM_VOL_PERCENT,%{vol},MDC_DIM_KILO_PASCAL,kPa,MDC_DIM_MMHG,mm[Hg],MDC_DIM_MILLI_BAR,mbar
MDC_CONC_AWAY_HE_EXP,MDC_DIM_PERCENT,%,MDC_DIM_VOL_PERCENT,%{vol},MDC_DIM_KILO_PASCAL,kPa,MDC_DIM_MMHG,mm[Hg],MDC_DIM_MILLI_BAR,mbar
MDC_CONC_AWAY_HE_INSP,MDC_DIM_PERCENT,%,MDC_DIM_VOL_PERCENT,%{vol},MDC_DIM_KILO_PASCAL,kPa,MDC_DIM_MMHG,mm[Hg],MDC_DIM_MILLI_BAR,mbar
MDC_CONC_AWAY_ISOFL,MDC_DIM_PERCENT,%,MDC_DIM_VOL_PERCENT,%{vol},MDC_DIM_KILO_PASCAL,kPa,MDC_DIM_MMHG,mm[Hg],MDC_DIM_MILLI_BAR,mbar
MDC_CONC_AWAY_ISOFL_ET,MDC_DIM_PERCENT,%,MDC_DIM_VOL_PERCENT,%{vol},MDC_DIM_KILO_PASCAL,kPa,MDC_DIM_MMHG,mm[Hg],MDC_DIM_MILLI_BAR,mbar
MDC_CONC_AWAY_ISOFL_ET_SETTING,MDC_DIM_PERCENT,%,MDC_DIM_VOL_PERCENT,%{vol},MDC_DIM_KILO_PASCAL,kPa,MDC_DIM_MMHG,mm[Hg],MDC_DIM_MILLI_BAR,mbar
MDC_CONC_AWAY_ISOFL_EXP,MDC_DIM_PERCENT,%,MDC_DIM_VOL_PERCENT,%{vol},MDC_DIM_KILO_PASCAL,kPa,MDC_DIM_MMHG,mm[Hg],MDC_DIM_MILLI_BAR,mbar
MDC_CONC_AWAY_ISOFL_INSP,MDC_DIM_PERCENT,%,MDC_DIM_VOL_PERCENT,%{vol},MDC_DIM_KILO_PASCAL,kPa,MDC_DIM_MMHG,mm[Hg],MDC_DIM_MILLI_BAR,mbar
MDC_CONC_AWAY_N2,MDC_DIM_PERCENT,%,MDC_DIM_VOL_PERCENT,%{vol},MDC_DIM_KILO_PASCAL,kPa,MDC_DIM_MMHG,mm[Hg],MDC_DIM_MILLI_BAR,mbar
MDC_CONC_AWAY_N2O,MDC_DIM_PERCENT,%,MDC_DIM_VOL_PERCENT,%{vol},MDC_DIM_KILO_PASCAL,kPa,MDC_DIM_MMHG,mm[Hg],MDC_DIM_MILLI_BAR,mbar
MDC_CONC_AWAY_N2O_ET,MDC_DIM_PERCENT,%,MDC_DIM_VOL_PERCENT,%{vol},MDC_DIM_KILO_PASCAL,kPa,MDC_DIM_MMHG,mm[Hg],MDC_DIM_MILLI_BAR,mbar
MDC_CONC_AWAY_N2O_EXP,MDC_DIM_PERCENT,%,MDC_DIM_VOL_PERCENT,%{vol},MDC_DIM_KILO_PASCAL,kPa,MDC_DIM_MMHG,mm[Hg],MDC_DIM_MILLI_BAR,mbar
MDC_CONC_AWAY_N2O_INSP,MDC_DIM_PERCENT,%,MDC_DIM_VOL_PERCENT,%{vol},MDC_DIM_KILO_PASCAL,kPa,MDC_DIM_MMHG,mm[Hg],MDC_DIM_MILLI_BAR,mbar
MDC_CONC_AWAY_N2_ET,MDC_DIM_PERCENT,%,MDC_DIM_VOL_PERCENT,%{vol},MDC_DIM_KILO_PASCAL,kPa,MDC_DIM_MMHG,mm[Hg],MDC_DIM_MILLI_BAR,mbar
MDC_CONC_AWAY_N2_EXP,MDC_DIM_PERCENT,%,MDC_DIM_VOL_PERCENT,%{vol},MDC_DIM_KILO_PASCAL,kPa,MDC_DIM_MMHG,mm[Hg],MDC_DIM_MILLI_BAR,mbar
MDC_CONC_AWAY_N2_INSP,MDC_DIM_PERCENT,%,MDC_DIM_VOL_PERCENT,%{vol},MDC_DIM_KILO_PASCAL,kPa,MDC_DIM_MMHG,mm[Hg],MDC_DIM_MILLI_BAR,mbar
MDC_CONC_AWAY_NO,MDC_DIM_PERCENT,%,MDC_DIM_VOL_PERCENT,%{vol},MDC_DIM_KILO_PASCAL,kPa,MDC_DIM_MMHG,mm[Hg],MDC_DIM_MILLI_BAR,mbar
MDC_CONC_AWAY_NO2,MDC_DIM_PERCENT,%,MDC_DIM_VOL_PERCENT,%{vol},MDC_DIM_KILO_PASCAL,kPa,MDC_DIM_MMHG,mm[Hg],MDC_DIM_MILLI_BAR,mbar
MDC_CONC_AWAY_NO2_ET,MDC_DIM_PERCENT,%,MDC_DIM_VOL_PERCENT,%{vol},MDC_DIM_KILO_PASCAL,kPa,MDC_DIM_MMHG,mm[Hg],MDC_DIM_MILLI_BAR,mbar
MDC_CONC_AWAY_NO2_EXP,MDC_DIM_PERCENT,%,MDC_DIM_VOL_PERCENT,%{vol},MDC_DIM_KILO_PASCAL,kPa,MDC_DIM_MMHG,mm[Hg],MDC_DIM_MILLI_BAR,mbar
MDC_CONC_AWAY_NO2_INSP,MDC_DIM_PERCENT,%,MDC_DIM_VOL_PERCENT,%{vol},MDC_DIM_KILO_PASCAL,kPa,MDC_DIM_MMHG,mm[Hg],MDC_DIM_MILLI_BAR,mbar
MDC_CONC_AWAY_NO_ET,MDC_DIM_PERCENT,%,MDC_DIM_VOL_PERCENT,%{vol},MDC_DIM_KILO_PASCAL,kPa,MDC_DIM_MMHG,mm[Hg],MDC_DIM_MILLI_BAR,mbar
MDC_CONC_AWAY_NO_EXP,MDC_DIM_PERCENT,%,MDC_DIM_VOL_PERCENT,%{vol},MDC_DIM_KILO_PASCAL,kPa,MDC_DIM_MMHG,mm[Hg],MDC_DIM_MILLI_BAR,mbar
MDC_CONC_AWAY_NO_INSP,MDC_DIM_PERCENT,%,MDC_DIM_VOL_PERCENT,%{vol},MDC_DIM_KILO_PASCAL,kPa,MDC_DIM_MMHG,mm[Hg],MDC_DIM_MILLI_BAR,mbar
MDC_CONC_AWAY_O2,MDC_DIM_PERCENT,%,MDC_DIM_VOL_PERCENT,%{vol},MDC_DIM_KILO_PASCAL,kPa,MDC_DIM_MMHG,mm[Hg],MDC_DIM_MILLI_BAR,mbar
MDC_CONC_AWAY_O2_DELTA,MDC_DIM_PERCENT,%,MDC_DIM_VOL_PERCENT,%{vol},MDC_DIM_KILO_PASCAL,kPa,MDC_DIM_MMHG,mm[Hg],MDC_DIM_MILLI_BAR,mbar
MDC_CONC_AWAY_O2_ET,MDC_DIM_PERCENT,%,MDC_DIM_VOL_PERCENT,%{vol},MDC_DIM_KILO_PASCAL,kPa,MDC_DIM_MMHG,mm[Hg],MDC_DIM_MILLI_BAR,mbar
MDC_CONC_AWAY_O2_ET_SETTING,MDC_DIM_PERCENT,%,MDC_DIM_VOL_PERCENT,%{vol},MDC_DIM_KILO_PASCAL,kPa,MDC_DIM_MMHG,mm[Hg],MDC_DIM_MILLI_BAR,mbar
MDC_CONC_AWAY_O2_EXP,MDC_DIM_PERCENT,%,MDC_DIM_VOL_PERCENT,%{vol},MDC_DIM_KILO_PASCAL,kPa,MDC_DIM_MMHG,mm[Hg],MDC_DIM_MILLI_BAR,mbar
MDC_CONC_AWAY_O2_INSP,MDC_DIM_PERCENT,%,MDC_DIM_VOL_PERCENT,%{vol},MDC_DIM_KILO_PASCAL,kPa,MDC_DIM_MMHG,mm[Hg],MDC_DIM_MILLI_BAR,mbar
MDC_CONC_AWAY_SEVOFL,MDC_DIM_PERCENT,%,MDC_DIM_VOL_PERCENT,%{vol},MDC_DIM_KILO_PASCAL,kPa,MDC_DIM_MMHG,mm[Hg],MDC_DIM_MILLI_BAR,mbar
MDC_CONC_AWAY_SEVOFL_ET,MDC_DIM_PERCENT,%,MDC_DIM_VOL_PERCENT,%{vol},MDC_DIM_KILO_PASCAL,kPa,MDC_DIM_MMHG,mm[Hg],MDC_DIM_MILLI_BAR,mbar
MDC_CONC_AWAY_SEVOFL_ET_SETTING,MDC_DIM_PERCENT,%,MDC_DIM_VOL_PERCENT,%{vol},MDC_DIM_KILO_PASCAL,kPa,MDC_DIM_MMHG,mm[Hg],MDC_DIM_MILLI_BAR,mbar
MDC_CONC_AWAY_SEVOFL_EXP,MDC_DIM_PERCENT,%,MDC_DIM_VOL_PERCENT,%{vol},MDC_DIM_KILO_PASCAL,kPa,MDC_DIM_MMHG,mm[Hg],MDC_DIM_MILLI_BAR,mbar
MDC_CONC_AWAY_SEVOFL_INSP,MDC_DIM_PERCENT,%,MDC_DIM_VOL_PERCENT,%{vol},MDC_DIM_KILO_PASCAL,kPa,MDC_DIM_MMHG,mm[Hg],MDC_DIM_MILLI_BAR,mbar
MDC_CONC_AWAY_XE,MDC_DIM_PERCENT,%,MDC_DIM_VOL_PERCENT,%{vol},MDC_DIM_KILO_PASCAL,kPa,MDC_DIM_MMHG,mm[Hg],MDC_DIM_MILLI_BAR,mbar
MDC_CONC_AWAY_XE_ET,MDC_DIM_PERCENT,%,MDC_DIM_VOL_PERCENT,%{vol},MDC_DIM_KILO_PASCAL,kPa,MDC_DIM_MMHG,mm[Hg],MDC_DIM_MILLI_BAR,mbar
MDC_CONC_AWAY_XE_EXP,MDC_DIM_PERCENT,%,MDC_DIM_VOL_PERCENT,%{vol},MDC_DIM_KILO_PASCAL,kPa,MDC_DIM_MMHG,mm[Hg],MDC_DIM_MILLI_BAR,mbar
MDC_CONC_AWAY_XE_INSP,MDC_DIM_PERCENT,%,MDC_DIM_VOL_PERCENT,%{vol},MDC_DIM_KILO_PASCAL,kPa,MDC_DIM_MMHG,mm[Hg],MDC_DIM_MILLI_BAR,mbar
MDC_CONC_CA_ART,MDC_DIM_MILLI_G_PER_DL,mg/dL,MDC_DIM_MILLI_MOLE_PER_L,mmol/L,MDC_DIM_MILLI_EQUIV_PER_L,meq/L
MDC_CONC_CA_GEN,MDC_DIM_MILLI_G_PER_DL,mg/dL,MDC_DIM_MILLI_MOLE_PER_L,mmol/L,MDC_DIM_MILLI_EQUIV_PER_L,meq/L
MDC_CONC_CA_PH_NORMALIZED_ART,MDC_DIM_MILLI_MOLE_PER_L,mmol/L
MDC_CONC_CHLOR_GEN,MDC_DIM_MILLI_MOLE_PER_L,mmol/L,MDC_DIM_MILLI_EQUIV_PER_L,meq/L
MDC_CONC_DRUG,MDC_DIM_X_G_PER_ML,g/mL,MDC_DIM_MILLI_G_PER_ML,mg/mL,MDC_DIM_MICRO_G_PER_ML,ug/mL,MDC_DIM_NANO_G_PER_ML,ng/mL,MDC_DIM_MILLI_MOLE_PER_ML,mmol/mL,MDC_DIM_MILLI_EQUIV_PER_ML,meq/mL,MDC_DIM_X_INTL_UNIT_PER_ML,[iU]/mL,MDC_DIM_MILLI_INTL_UNIT_PER_ML,m[iU]/mL,MDC_DIM_MEGA_INTL_UNIT_PER_ML,M[iU]/mL,MDC_DIM_KILO_INTL_UNIT_PER_ML,k[iU]/mL,MDC_DIM_X_ARB_UNIT_PER_ML,[arb'U]/mL,MDC_DIM_MEGA_ARB_UNIT_PER_ML,M[arb'U]/mL,MDC_DIM_KILO_ARB_UNIT_PER_ML,k[arb'U]/mL,MDC_DIM_MILLI_ARB_UNIT_PER_ML,m[arb'U]/mL
MDC_CONC_GASDLV_AR,MDC_DIM_PERCENT,%,MDC_DIM_VOL_PERCENT,%{vol},MDC_DIM_KILO_PASCAL,kPa,MDC_DIM_MMHG,mm[Hg],MDC_DIM_MILLI_BAR,mbar
MDC_CONC_GASDLV_AR_EXP,MDC_DIM_PERCENT,%,MDC_DIM_VOL_PERCENT,%{vol},MDC_DIM_KILO_PASCAL,kPa,MDC_DIM_MMHG,mm[Hg],MDC_DIM_MILLI_BAR,mbar
MDC_CONC_GASDLV_AR_INSP,MDC_DIM_PERCENT,%,MDC_DIM_VOL_PERCENT,%{vol},MDC_DIM_KILO_PASCAL,kPa,MDC_DIM_MMHG,mm[Hg],MDC_DIM_MILLI_BAR,mbar
MDC_CONC_GASDLV_CO2,MDC_DIM_PERCENT,%,MDC_DIM_VOL_PERCENT,%{vol},MDC_DIM_KILO_PASCAL,kPa,MDC_DIM_MMHG,mm[Hg],MDC_DIM_MILLI_BAR,mbar
MDC_CONC_GASDLV_CO2_EXP,MDC_DIM_PERCENT,%,MDC_DIM_VOL_PERCENT,%{vol},MDC_DIM_KILO_PASCAL,kPa,MDC_DIM_MMHG,mm[Hg],MDC_DIM_MILLI_BAR,mbar
MDC_CONC_GASDLV_CO2_INSP,MDC_DIM_PERCENT,%,MDC_DIM_VOL_PERCENT,%{vol},MDC_DIM_KILO_PASCAL,kPa,MDC_DIM_MMHG,mm[Hg],MDC_DIM_MILLI_BAR,mbar
MDC_CONC_GASDLV_DESFL,MDC_DIM_PERCENT,%,MDC_DIM_VOL_PERCENT,%{vol},MDC_DIM_KILO_PASCAL,kPa,MDC_DIM_MMHG,mm[Hg],MDC_DIM_MILLI_BAR,mbar
MDC_CONC_GASDLV_DESFL_EXP,MDC_DIM_PERCENT,%,MDC_DIM_VOL_PERCENT,%{vol},MDC_DIM_KILO_PASCAL,kPa,MDC_DIM_MMHG,mm[Hg],MDC_DIM_MILLI_BAR,mbar
MDC_CONC_GASDLV_DESFL_INSP,MDC_DIM_PERCENT,%,MDC_DIM_VOL_PERCENT,%{vol},MDC_DIM_KILO_PASCAL,kPa,MDC_DIM_MMHG,mm[Hg],MDC_DIM_MILLI_BAR,mbar
MDC_CONC_GASDLV_DESFL_INSP_SETTING,MDC_DIM_PERCENT,%,MDC_DIM_VOL_PERCENT,%{vol},MDC_DIM_KILO_PASCAL,kPa,MDC_DIM_MMHG,mm[Hg],MDC_DIM_MILLI_BAR,mbar
MDC_CONC_GASDLV_ENFL,MDC_DIM_PERCENT,%,MDC_DIM_VOL_PERCENT,%{vol},MDC_DIM_KILO_PASCAL,kPa,MDC_DIM_MMHG,mm[Hg],MDC_DIM_MILLI_BAR,mbar
MDC_CONC_GASDLV_ENFL_EXP,MDC_DIM_PERCENT,%,MDC_DIM_VOL_PERCENT,%{vol},MDC_DIM_KILO_PASCAL,kPa,MDC_DIM_MMHG,mm[Hg],MDC_DIM_MILLI_BAR,mbar
MDC_CONC_GASDLV_ENFL_INSP,MDC_DIM_PERCENT,%,MDC_DIM_VOL_PERCENT,%{vol},MDC_DIM_KILO_PASCAL,kPa,MDC_DIM_MMHG,mm[Hg],MDC_DIM_MILLI_BAR,mbar
MDC_CONC_GASDLV_ENFL_INSP_SETTING,MDC_DIM_PERCENT,%,MDC_DIM_VOL_PERCENT,%{vol},MDC_DIM_KILO_PASCAL,kPa,MDC_DIM_MMHG,mm[Hg],MDC_DIM_MILLI_BAR,mbar
MDC_CONC_GASDLV_HALOTH,MDC_DIM_PERCENT,%,MDC_DIM_VOL_PERCENT,%{vol},MDC_DIM_KILO_PASCAL,kPa,MDC_DIM_MMHG,mm[Hg],MDC_DIM_MILLI_BAR,mbar
MDC_CONC_GASDLV_HALOTH_EXP,MDC_DIM_PERCENT,%,MDC_DIM_VOL_PERCENT,%{vol},MDC_DIM_KILO_PASCAL,kPa,MDC_DIM_MMHG,mm[Hg],MDC_DIM_MILLI_BAR,mbar
MDC_CONC_GASDLV_HALOTH_INSP,MDC_DIM_PERCENT,%,MDC_DIM_VOL_PERCENT,%{vol},MDC_DIM_KILO_PASCAL,kPa,MDC_DIM_MMHG,mm[Hg],MDC_DIM_MILLI_BAR,mbar
MDC_CONC_GASDLV_HALOTH_INSP_SETTING,MDC_DIM_PERCENT,%,MDC_DIM_VOL_PERCENT,%{vol},MDC_DIM_KILO_PASCAL,kPa,MDC_DIM_MMHG,mm[Hg],MDC_DIM_MILLI_BAR,mbar
MDC_CONC_GASDLV_HE,MDC_DIM_PERCENT,%,MDC_DIM_VOL_PERCENT,%{vol},MDC_DIM_KILO_PASCAL,kPa,MDC_DIM_MMHG,mm[Hg],MDC_DIM_MILLI_BAR,mbar
MDC_CONC_GASDLV_HE_EXP,MDC_DIM_PERCENT,%,MDC_DIM_VOL_PERCENT,%{vol},MDC_DIM_KILO_PASCAL,kPa,MDC_DIM_MMHG,mm[Hg],MDC_DIM_MILLI_BAR,mbar
MDC_CONC_GASDLV_HE_INSP,MDC_DIM_PERCENT,%,MDC_DIM_VOL_PERCENT,%{vol},MDC_DIM_KILO_PASCAL,kPa,MDC_DIM_MMHG,mm[Hg],MDC_DIM_MILLI_BAR,mbar
MDC_CONC_GASDLV_ISOFL,MDC_DIM_PERCENT,%,MDC_DIM_VOL_PERCENT,%{vol},MDC_DIM_KILO_PASCAL,kPa,MDC_DIM_MMHG,mm[Hg],MDC_DIM_MILLI_BAR,mbar
MDC_CONC_GASDLV_ISOFL_EXP,MDC_DIM_PERCENT,%,MDC_DIM_VOL_PERCENT,%{vol},MDC_DIM_KILO_PASCAL,kPa,MDC_DIM_MMHG,mm[Hg],MDC_DIM_MILLI_BAR,mbar
MDC_CONC_GASDLV_ISOFL_INSP,MDC_DIM_PERCENT,%,MDC_DIM_VOL_PERCENT,%{vol},MDC_DIM_KILO_PASCAL,kPa,MDC_DIM_MMHG,mm[Hg],MDC_DIM_MILLI_BAR,mbar
MDC_CONC_GASDLV_ISOFL_INSP_SETTING,MDC_DIM_PERCENT,%,MDC_DIM_VOL_PERCENT,%{vol},MDC_DIM_KILO_PASCAL,kPa,MDC_DIM_MMHG,mm[Hg],MDC_DIM_MILLI_BAR,mbar
MDC_CONC_GASDLV_N2,MDC_DIM_PERCENT,%,MDC_DIM_VOL_PERCENT,%{vol},MDC_DIM_KILO_PASCAL,kPa,MDC_DIM_MMHG,mm[Hg],MDC_DIM_MILLI_BAR,mbar
MDC_CONC_GASDLV_N2O,MDC_DIM_PERCENT,%,MDC_DIM_VOL_PERCENT,%{vol},MDC_DIM_KILO_PASCAL,kPa,MDC_DIM_MMHG,mm[Hg],MDC_DIM_MILLI_BAR,mbar
MDC_CONC_GASDLV_N2O_EXP,MDC_DIM_PERCENT,%,MDC_DIM_VOL_PERCENT,%{vol},MDC_DIM_KILO_PASCAL,kPa,MDC_DIM_MMHG,mm[Hg],MDC_DIM_MILLI_BAR,mbar
MDC_CONC_GASDLV_N2O_INSP,MDC_DIM_PERCENT,%,MDC_DIM_VOL_PERCENT,%{vol},MDC_DIM_KILO_PASCAL,kPa,MDC_DIM_MMHG,mm[Hg],MDC_DIM_MILLI_BAR,mbar
MDC_CONC_GASDLV_N2_EXP,MDC_DIM_PERCENT,%,MDC_DIM_VOL_PERCENT,%{vol},MDC_DIM_KILO_PASCAL,kPa,MDC_DIM_MMHG,mm[Hg],MDC_DIM_MILLI_BAR,mbar
MDC_CONC_GASDLV_N2_INSP,MDC_DIM_PERCENT,%,MDC_DIM_VOL_PERCENT,%{vol},MDC_DIM_KILO_PASCAL,kPa,MDC_DIM_MMHG,mm[Hg],MDC_DIM_MILLI_BAR,mbar
MDC_CONC_GASDLV_NO,MDC_DIM_PERCENT,%,MDC_DIM_VOL_PERCENT,%{vol},MDC_DIM_KILO_PASCAL,kPa,MDC_DIM_MMHG,mm[Hg],MDC_DIM_MILLI_BAR,mbar
MDC_CONC_GASDLV_NO2,MDC_DIM_PERCENT,%,MDC_DIM_VOL_PERCENT,%{vol},MDC_DIM_KILO_PASCAL,kPa,MDC_DIM_MMHG,mm[Hg],MDC_DIM_MILLI_BAR,mbar
MDC_CONC_GASDLV_NO2_EXP,MDC_DIM_PERCENT,%,MDC_DIM_VOL_PERCENT,%{vol},MDC_DIM_KILO_PASCAL,kPa,MDC_DIM_MMHG,mm[Hg],MDC_DIM_MILLI_BAR,mbar
MDC_CONC_GASDLV_NO2_INSP,MDC_DIM_PERCENT,%,MDC_DIM_VOL_PERCENT,%{vol},MDC_DIM_KILO_PASCAL,kPa,MDC_DIM_MMHG,mm[Hg],MDC_DIM_MILLI_BAR,mbar
MDC_CONC_GASDLV_NO_EXP,MDC_DIM_PERCENT,%,MDC_DIM_VOL_PERCENT,%{vol},MDC_DIM_KILO_PASCAL,kPa,MDC_DIM_MMHG,mm[Hg],MDC_DIM_MILLI_BAR,mbar
MDC_CONC_GASDLV_NO_INSP,MDC_DIM_PERCENT,%,MDC_DIM_VOL_PERCENT,%{vol},MDC_DIM_KILO_PASCAL,kPa,MDC_DIM_MMHG,mm[Hg],MDC_DIM_MILLI_BAR,mbar
MDC_CONC_GASDLV_O2,MDC_DIM_PERCENT,%,MDC_DIM_VOL_PERCENT,%{vol},MDC_DIM_KILO_PASCAL,kPa,MDC_DIM_MMHG,mm[Hg],MDC_DIM_MILLI_BAR,mbar
MDC_CONC_GASDLV_O2_DELTA,MDC_DIM_PERCENT,%,MDC_DIM_VOL_PERCENT,%{vol},MDC_DIM_KILO_PASCAL,kPa,MDC_DIM_MMHG,mm[Hg],MDC_DIM_MILLI_BAR,mbar
MDC_CONC_GASDLV_O2_EXP,MDC_DIM_PERCENT,%,MDC_DIM_VOL_PERCENT,%{vol},MDC_DIM_KILO_PASCAL,kPa,MDC_DIM_MMHG,mm[Hg],MDC_DIM_MILLI_BAR,mbar
MDC_CONC_GASDLV_O2_INSP,MDC_DIM_PERCENT,%,MDC_DIM_KILO_PASCAL,kPa,MDC_DIM_MMHG,mm[Hg],MDC_DIM_VOL_PERCENT,%{vol},MDC_DIM_MILLI_BAR,mbar
MDC_CONC_GASDLV_O2_INSP_SETTING,MDC_DIM_PERCENT,%,MDC_DIM_VOL_PERCENT,%{vol},MDC_DIM_KILO_PASCAL,kPa,MDC_DIM_MMHG,mm[Hg],MDC_DIM_MILLI_BAR,mbar
MDC_CONC_GASDLV_SEVOFL,MDC_DIM_PERCENT,%,MDC_DIM_VOL_PERCENT,%{vol},MDC_DIM_KILO_PASCAL,kPa,MDC_DIM_MMHG,mm[Hg],MDC_DIM_MILLI_BAR,mbar
MDC_CONC_GASDLV_SEVOFL_EXP,MDC_DIM_PERCENT,%,MDC_DIM_VOL_PERCENT,%{vol},MDC_DIM_KILO_PASCAL,kPa,MDC_DIM_MMHG,mm[Hg],MDC_DIM_MILLI_BAR,mbar
MDC_CONC_GASDLV_SEVOFL_INSP,MDC_DIM_PERCENT,%,MDC_DIM_VOL_PERCENT,%{vol},MDC_DIM_KILO_PASCAL,kPa,MDC_DIM_MMHG,mm[Hg],MDC_DIM_MILLI_BAR,mbar
MDC_CONC_GASDLV_SEVOFL_INSP_SETTING,MDC_DIM_PERCENT,%,MDC_DIM_VOL_PERCENT,%{vol},MDC_DIM_KILO_PASCAL,kPa,MDC_DIM_MMHG,mm[Hg],MDC_DIM_MILLI_BAR,mbar
MDC_CONC_GASDLV_XE,MDC_DIM_PERCENT,%,MDC_DIM_VOL_PERCENT,%{vol},MDC_DIM_KILO_PASCAL,kPa,MDC_DIM_MMHG,mm[Hg],MDC_DIM_MILLI_BAR,mbar
MDC_CONC_GASDLV_XE_EXP,MDC_DIM_PERCENT,%,MDC_DIM_VOL_PERCENT,%{vol},MDC_DIM_KILO_PASCAL,kPa,MDC_DIM_MMHG,mm[Hg],MDC_DIM_MILLI_BAR,mbar
MDC_CONC_GASDLV_XE_INSP,MDC_DIM_PERCENT,%,MDC_DIM_VOL_PERCENT,%{vol},MDC_DIM_KILO_PASCAL,kPa,MDC_DIM_MMHG,mm[Hg],MDC_DIM_MILLI_BAR,mbar
MDC_CONC_GLU_ARTERIAL_PLASMA,MDC_DIM_MILLI_G_PER_DL,mg/dL,MDC_DIM_MILLI_MOLE_PER_L,mmol/L,MDC_DIM_G_PER_L,g/L
MDC_CONC_GLU_ARTERIAL_WHOLEBLOOD,MDC_DIM_MILLI_G_PER_DL,mg/dL,MDC_DIM_MILLI_MOLE_PER_L,mmol/L,MDC_DIM_G_PER_L,g/L
MDC_CONC_GLU_CAPILLARY_PLASMA,MDC_DIM_MILLI_G_PER_DL,mg/dL,MDC_DIM_MILLI_MOLE_PER_L,mmol/L,MDC_DIM_G_PER_L,g/L
MDC_CONC_GLU_CAPILLARY_WHOLEBLOOD,MDC_DIM_MILLI_G_PER_DL,mg/dL,MDC_DIM_MILLI_MOLE_PER_L,mmol/L,MDC_DIM_G_PER_L,g/L
MDC_CONC_GLU_CONTROL,MDC_DIM_MILLI_G_PER_DL,mg/dL,MDC_DIM_MILLI_MOLE_PER_L,mmol/L,MDC_DIM_G_PER_L,g/L
MDC_CONC_GLU_CONTROL_LEVEL_HIGH,MDC_DIM_MILLI_G_PER_DL,mg/dL,MDC_DIM_MILLI_MOLE_PER_L,mmol/L,MDC_DIM_G_PER_L,g/L
MDC_CONC_GLU_CONTROL_LEVEL_LOW,MDC_DIM_MILLI_G_PER_DL,mg/dL,MDC_DIM_MILLI_MOLE_PER_L,mmol/L,MDC_DIM_G_PER_L,g/L
MDC_CONC_GLU_CONTROL_LEVEL_MEDIUM,MDC_DIM_MILLI_G_PER_DL,mg/dL,MDC_DIM_MILLI_MOLE_PER_L,mmol/L,MDC_DIM_G_PER_L,g/L
MDC_CONC_GLU_CONTROL_LEVEL_UNDETERMINED,MDC_DIM_MILLI_G_PER_DL,mg/dL,MDC_DIM_MILLI_MOLE_PER_L,mmol/L,MDC_DIM_G_PER_L,g/L
MDC_CONC_GLU_GEN,MDC_DIM_MILLI_G_PER_DL,mg/dL,MDC_DIM_MILLI_MOLE_PER_L,mmol/L,MDC_DIM_G_PER_L,g/L
MDC_CONC_GLU_ISF,MDC_DIM_MILLI_G_PER_DL,mg/dL,MDC_DIM_MILLI_MOLE_PER_L,mmol/L,MDC_DIM_G_PER_L,g/L
MDC_CONC_GLU_UNDETERMINED_PLASMA,MDC_DIM_MILLI_G_PER_DL,mg/dL,MDC_DIM_MILLI_MOLE_PER_L,mmol/L,MDC_DIM_G_PER_L,g/L
MDC_CONC_GLU_UNDETERMINED_WHOLEBLOOD,MDC_DIM_MILLI_G_PER_DL,mg/dL,MDC_DIM_MILLI_MOLE_PER_L,mmol/L,MDC_DIM_G_PER_L,g/L
MDC_CONC_GLU_VENOUS_PLASMA,MDC_DIM_MILLI_G_PER_DL,mg/dL,MDC_DIM_MILLI_MOLE_PER_L,mmol/L,MDC_DIM_G_PER_L,g/L
MDC_CONC_GLU_VENOUS_WHOLEBLOOD,MDC_DIM_MILLI_G_PER_DL,mg/dL,MDC_DIM_MILLI_MOLE_PER_L,mmol/L,MDC_DIM_G_PER_L,g/L
MDC_CONC_HBA1C,MDC_DIM_PERCENT,%,MDC_DIM_MILLI_MOLE_PER_MOLE,mmol/mol
MDC_CONC_HB_ART,MDC_DIM_MILLI_MOLE_PER_L,mmol/L,MDC_DIM_G_PER_DL,g/dL,MDC_DIM_G_PER_L,g/L,MDC_DIM_G_PER_CL,g/cL
MDC_CONC_HB_O2_ART,MDC_DIM_MILLI_L_PER_DL,mL/dL
MDC_CONC_HB_O2_VEN,MDC_DIM_MILLI_L_PER_DL,mL/dL
MDC_CONC_HCO3_ART,MDC_DIM_MILLI_MOLE_PER_L,mmol/L
MDC_CONC_HCO3_GEN,MDC_DIM_MILLI_MOLE_PER_L,mmol/L,MDC_DIM_MILLI_EQUIV_PER_L,meq/L
MDC_CONC_HCT_ART,MDC_DIM_PERCENT,%
MDC_CONC_HCT_GEN,MDC_DIM_PERCENT,%,MDC_DIM_PCT_PCV,%{pcv}
MDC_CONC_K_GEN,MDC_DIM_MILLI_G_PER_DL,mg/dL,MDC_DIM_MILLI_MOLE_PER_L,mmol/L,MDC_DIM_MILLI_EQUIV_PER_L,meq/L
MDC_CONC_MAC,MDC_DIM_DIMLESS,{unitless},1,MDC_DIM_PERCENT,%
MDC_CONC_MAC_SUM,MDC_DIM_DIMLESS,{unitless},1
MDC_CONC_MAC_SUM_AGE_CORR,MDC_DIM_DIMLESS,{unitless},1
MDC_CONC_NA_GEN,MDC_DIM_MILLI_MOLE_PER_L,mmol/L,MDC_DIM_MILLI_EQUIV_PER_L,meq/L
MDC_CONC_NA_SERUM,MDC_DIM_MILLI_MOLE_PER_L,mmol/L,MDC_DIM_MILLI_EQUIV_PER_L,meq/L
MDC_CONC_NA_URINE,MDC_DIM_MILLI_MOLE_PER_L,mmol/L,MDC_DIM_MILLI_EQUIV_PER_L,meq/L
MDC_CONC_O2_MICROENV,MDC_DIM_PERCENT,%
MDC_CONC_O2_MICROENV_SETTING,MDC_DIM_PERCENT,%
MDC_CONC_PCO2_ART,MDC_DIM_KILO_PASCAL,kPa,MDC_DIM_MMHG,mm[Hg],MDC_DIM_MILLI_MOLE_PER_L,mmol/L
MDC_CONC_PCO2_ART_PULM,MDC_DIM_KILO_PASCAL,kPa,MDC_DIM_MMHG,mm[Hg]
MDC_CONC_PCO2_GASTRIC_ART_DIFF,MDC_DIM_KILO_PASCAL,kPa,MDC_DIM_MMHG,mm[Hg]
MDC_CONC_PCO2_GASTRIC_ET_DIFF,MDC_DIM_KILO_PASCAL,kPa,MDC_DIM_MMHG,mm[Hg]
MDC_CONC_PCO2_GASTRIC_MUCOSAL,MDC_DIM_KILO_PASCAL,kPa,MDC_DIM_MMHG,mm[Hg]
MDC_CONC_PCO2_GEN,MDC_DIM_KILO_PASCAL,kPa,MDC_DIM_MMHG,mm[Hg]
MDC_CONC_PCO2_VEN,MDC_DIM_KILO_PASCAL,kPa,MDC_DIM_MMHG,mm[Hg]
MDC_CONC_PH_ART,MDC_DIM_PH,[pH]
MDC_CONC_PH_GEN,MDC_DIM_PH,[pH]
MDC_CONC_PH_INTRAMUCOSAL,MDC_DIM_PH,[pH]
MDC_CONC_PH_VEN,MDC_DIM_PH,[pH]
MDC_CONC_PO2_ART,MDC_DIM_KILO_PASCAL,kPa,MDC_DIM_MMHG,mm[Hg]
MDC_CONC_PO2_ART_VEN_DIFF,MDC_DIM_MILLI_L_PER_DL,mL/dL,MDC_DIM_KILO_PASCAL,kPa,MDC_DIM_MMHG,mm[Hg]
MDC_CONC_PO2_GEN,MDC_DIM_KILO_PASCAL,kPa,MDC_DIM_MMHG,mm[Hg]
MDC_CONC_PO2_VEN,MDC_DIM_KILO_PASCAL,kPa,MDC_DIM_MMHG,mm[Hg],MDC_DIM_MILLI_L_PER_DL,mL/dL
MDC_CONC_UREA_ART,MDC_DIM_MILLI_G_PER_DL,mg/dL,MDC_DIM_MILLI_MOLE_PER_L,mmol/L
MDC_CTXT_GLU_CARB,MDC_DIM_G,g
MDC_CTXT_GLU_CARB_BREAKFAST,MDC_DIM_G,g
MDC_CTXT_GLU_CARB_BRUNCH,MDC_DIM_G,g
MDC_CTXT_GLU_CARB_DINNER,MDC_DIM_G,g
MDC_CTXT_GLU_CARB_DRINK,MDC_DIM_G,g
MDC_CTXT_GLU_CARB_LUNCH,MDC_DIM_G,g
MDC_CTXT_GLU_CARB_NO_ENTRY,MDC_DIM_G,g
MDC_CTXT_GLU_CARB_NO_INGESTION,MDC_DIM_G,g
MDC_CTXT_GLU_CARB_OTHER,MDC_DIM_G,g
MDC_CTXT_GLU_CARB_SNACK,MDC_DIM_G,g
MDC_CTXT_GLU_CARB_SUPPER,MDC_DIM_G,g
MDC_CTXT_GLU_CARB_UNDETERMINED,MDC_DIM_G,g
MDC_CTXT_GLU_EXERCISE,MDC_DIM_PERCENT,%
MDC_CTXT_MEDICATION,MDC_DIM_MILLI_L,mL,MDC_DIM_MILLI_G,mg,MDC_DIM_INTL_UNIT,[iU]
MDC_CTXT_MEDICATION_INTERMEDIATEACTING,MDC_DIM_MILLI_L,mL,MDC_DIM_MILLI_G,mg,MDC_DIM_INTL_UNIT,[iU]
MDC_CTXT_MEDICATION_LONGACTING,MDC_DIM_MILLI_L,mL,MDC_DIM_MILLI_G,mg,MDC_DIM_INTL_UNIT,[iU]
MDC_CTXT_MEDICATION_PREMIX,MDC_DIM_MILLI_L,mL,MDC_DIM_MILLI_G,mg,MDC_DIM_INTL_UNIT,[iU]
MDC_CTXT_MEDICATION_RAPIDACTING,MDC_DIM_MILLI_L,mL,MDC_DIM_MILLI_G,mg,MDC_DIM_INTL_UNIT,[iU]
MDC_CTXT_MEDICATION_SHORTACTING,MDC_DIM_MILLI_L,mL,MDC_DIM_MILLI_G,mg,MDC_DIM_INTL_UNIT,[iU]
MDC_DEV_PUMP_INFUS_LVP,MDC_DIM_DIMLESS,{unitless},1
MDC_DEV_PUMP_INFUS_LVP_MDS,MDC_DIM_NOS,{unknown}
MDC_DEV_PUMP_INFUS_LVP_VMD,MDC_DIM_DIMLESS,{unitless},1
MDC_DEV_PUMP_INFUS_PCA,MDC_DIM_NOS,{unknown}
MDC_DEV_PUMP_INFUS_PCA_CHAN,MDC_DIM_DIMLESS,{unitless},1
MDC_DEV_PUMP_INFUS_PCA_MDS,MDC_DIM_NOS,{unknown}
MDC_DEV_PUMP_INFUS_PCA_SYRINGE,MDC_DIM_NOS,{unknown}
MDC_DEV_PUMP_INFUS_PCA_SYRINGE_MDS,MDC_DIM_NOS,{unknown}
MDC_DEV_PUMP_INFUS_PCA_SYRINGE_VMD,MDC_DIM_DIMLESS,{unitless},1
MDC_DEV_PUMP_INFUS_PCA_VMD,MDC_DIM_DIMLESS,{unitless},1
MDC_DEV_PUMP_INFUS_SYRINGE,MDC_DIM_NOS,{unknown}
MDC_DEV_PUMP_INFUS_SYRINGE_CHAN,MDC_DIM_DIMLESS,{unitless},1
MDC_DEV_PUMP_INFUS_SYRINGE_MDS,MDC_DIM_NOS,{unknown}
MDC_DEV_PUMP_INFUS_SYRINGE_VMD,MDC_DIM_DIMLESS,{unitless},1
MDC_DOSE_CLINICIAN,MDC_DIM_X_G_PER_KG,g/kg,MDC_DIM_MILLI_G_PER_KG,mg/kg,MDC_DIM_MICRO_G_PER_KG,ug/kg,MDC_DIM_NANO_G_PER_KG,ng/kg,MDC_DIM_MILLI_L,mL,MDC_DIM_X_G,g,MDC_DIM_MILLI_G,mg,MDC_DIM_MICRO_G,ug,MDC_DIM_NANO_G,ng,MDC_DIM_X_G_PER_M_SQ,g/m2,MDC_DIM_KILO_G_PER_M_SQ,kg/m2,MDC_DIM_MILLI_G_PER_M_SQ,mg/m2,MDC_DIM_MICRO_G_PER_M_SQ,ug/m2,MDC_DIM_NANO_G_PER_M_SQ,ng/m2,MDC_DIM_MILLI_L_PER_KG,mL/kg,MDC_DIM_X_MOLE,mol,MDC_DIM_MILLI_MOLE,mmol,MDC_DIM_X_EQUIV,eq,MDC_DIM_MILLI_EQUIV,meq,MDC_DIM_X_MOLE_PER_KG,mol/kg,MDC_DIM_MILLI_MOLE_PER_KG,mmol/kg,MDC_DIM_X_MOLE_PER_M_SQ,mol/m2,MDC_DIM_MILLI_MOLE_PER_M_SQ,mmol/m2,MDC_DIM_X_EQUIV_PER_KG,eq/kg,MDC_DIM_MILLI_EQUIV_PER_KG,meq/kg,MDC_DIM_X_EQUIV_PER_M_SQ,eq/m2,MDC_DIM_MILLI_EQUIV_PER_M_SQ,meq/m2,MDC_DIM_X_INTL_UNIT,[iU],MDC_DIM_MILLI_INTL_UNIT,m[iU],MDC_DIM_MEGA_INTL_UNIT,M[iU],MDC_DIM_X_INTL_UNIT_PER_KG,[iU]/kg,MDC_DIM_MILLI_INTL_UNIT_PER_KG,m[iU]/kg,MDC_DIM_MEGA_INTL_UNIT_PER_KG,M[iU]/kg,MDC_DIM_X_INTL_UNIT_PER_M_SQ,[iU]/m2,MDC_DIM_MILLI_INTL_UNIT_PER_M_SQ,m[iU]/m2,MDC_DIM_MEGA_INTL_UNIT_PER_M_SQ,M[iU]/m2,MDC_DIM_KILO_INTL_UNIT,k[iU],MDC_DIM_KILO_INTL_UNIT_PER_KG,k[iU]/kg,MDC_DIM_X_ARB_UNIT,[arb'U],MDC_DIM_X_ARB_UNIT_PER_KG,[arb'U]/kg,MDC_DIM_X_ARB_UNIT_PER_M_SQ,[arb'U]/m2,MDC_DIM_MEGA_ARB_UNIT,M[arb'U],MDC_DIM_MEGA_ARB_UNIT_PER_KG,M[arb'U]/kg,MDC_DIM_MEGA_ARB_UNIT_PER_M_SQ,M[arb'U]/m2,MDC_DIM_KILO_ARB_UNIT,k[arb'U],MDC_DIM_KILO_ARB_UNIT_PER_KG,k[arb'U]/kg,MDC_DIM_MILLI_ARB_UNIT,m[arb'U],MDC_DIM_MILLI_ARB_UNIT_PER_KG,m[arb'U]/kg,MDC_DIM_MILLI_ARB_UNIT_PER_M_SQ,m[arb'U]/m2
MDC_DOSE_DRUG_DELIV,MDC_DIM_X_G_PER_KG,g/kg,MDC_DIM_MILLI_G_PER_KG,mg/kg,MDC_DIM_MICRO_G_PER_KG,ug/kg,MDC_DIM_NANO_G_PER_KG,ng/kg,MDC_DIM_MILLI_L,mL,MDC_DIM_X_G,g,MDC_DIM_MILLI_G,mg,MDC_DIM_MICRO_G,ug,MDC_DIM_NANO_G,ng,MDC_DIM_X_G_PER_M_SQ,g/m2,MDC_DIM_KILO_G_PER_M_SQ,kg/m2,MDC_DIM_MILLI_G_PER_M_SQ,mg/m2,MDC_DIM_MICRO_G_PER_M_SQ,ug/m2,MDC_DIM_NANO_G_PER_M_SQ,ng/m2,MDC_DIM_MILLI_L_PER_KG,mL/kg,MDC_DIM_X_MOLE,mol,MDC_DIM_MILLI_MOLE,mmol,MDC_DIM_X_EQUIV,eq,MDC_DIM_MILLI_EQUIV,meq,MDC_DIM_X_MOLE_PER_KG,mol/kg,MDC_DIM_MILLI_MOLE_PER_KG,mmol/kg,MDC_DIM_X_MOLE_PER_M_SQ,mol/m2,MDC_DIM_MILLI_MOLE_PER_M_SQ,mmol/m2,MDC_DIM_X_EQUIV_PER_KG,eq/kg,MDC_DIM_MILLI_EQUIV_PER_KG,meq/kg,MDC_DIM_X_EQUIV_PER_M_SQ,eq/m2,MDC_DIM_MILLI_EQUIV_PER_M_SQ,meq/m2,MDC_DIM_X_INTL_UNIT,[iU],MDC_DIM_MILLI_INTL_UNIT,m[iU],MDC_DIM_MEGA_INTL_UNIT,M[iU],MDC_DIM_X_INTL_UNIT_PER_KG,[iU]/kg,MDC_DIM_MILLI_INTL_UNIT_PER_KG,m[iU]/kg,MDC_DIM_MEGA_INTL_UNIT_PER_KG,M[iU]/kg,MDC_DIM_X_INTL_UNIT_PER_M_SQ,[iU]/m2,MDC_DIM_MILLI_INTL_UNIT_PER_M_SQ,m[iU]/m2,MDC_DIM_MEGA_INTL_UNIT_PER_M_SQ,M[iU]/m2,MDC_DIM_KILO_INTL_UNIT,k[iU],MDC_DIM_KILO_INTL_UNIT_PER_KG,k[iU]/kg,MDC_DIM_X_ARB_UNIT,[arb'U],MDC_DIM_X_ARB_UNIT_PER_KG,[arb'U]/kg,MDC_DIM_X_ARB_UNIT_PER_M_SQ,[arb'U]/m2,MDC_DIM_MEGA_ARB_UNIT,M[arb'U],MDC_DIM_MEGA_ARB_UNIT_PER_KG,M[arb'U]/kg,MDC_DIM_MEGA_ARB_UNIT_PER_M_SQ,M[arb'U]/m2,MDC_DIM_KILO_ARB_UNIT,k[arb'U],MDC_DIM_KILO_ARB_UNIT_PER_KG,k[arb'U]/kg,MDC_DIM_MILLI_ARB_UNIT,m[arb'U],MDC_DIM_MILLI_ARB_UNIT_PER_KG,m[arb'U]/kg,MDC_DIM_MILLI_ARB_UNIT_PER_M_SQ,m[arb'U]/m2
MDC_DOSE_DRUG_DELIV_SEGMENT,MDC_DIM_X_G_PER_KG,g/kg,MDC_DIM_MILLI_G_PER_KG,mg/kg,MDC_DIM_MICRO_G_PER_KG,ug/kg,MDC_DIM_NANO_G_PER_KG,ng/kg,MDC_DIM_MILLI_L,mL,MDC_DIM_X_G,g,MDC_DIM_MILLI_G,mg,MDC_DIM_MICRO_G,ug,MDC_DIM_NANO_G,ng,MDC_DIM_X_G_PER_M_SQ,g/m2,MDC_DIM_KILO_G_PER_M_SQ,kg/m2,MDC_DIM_MILLI_G_PER_M_SQ,mg/m2,MDC_DIM_MICRO_G_PER_M_SQ,ug/m2,MDC_DIM_NANO_G_PER_M_SQ,ng/m2,MDC_DIM_MILLI_L_PER_KG,mL/kg,MDC_DIM_X_MOLE,mol,MDC_DIM_MILLI_MOLE,mmol,MDC_DIM_X_EQUIV,eq,MDC_DIM_MILLI_EQUIV,meq,MDC_DIM_X_MOLE_PER_KG,mol/kg,MDC_DIM_MILLI_MOLE_PER_KG,mmol/kg,MDC_DIM_X_MOLE_PER_M_SQ,mol/m2,MDC_DIM_MILLI_MOLE_PER_M_SQ,mmol/m2,MDC_DIM_X_EQUIV_PER_KG,eq/kg,MDC_DIM_MILLI_EQUIV_PER_KG,meq/kg,MDC_DIM_X_EQUIV_PER_M_SQ,eq/m2,MDC_DIM_MILLI_EQUIV_PER_M_SQ,meq/m2,MDC_DIM_X_INTL_UNIT,[iU],MDC_DIM_MILLI_INTL_UNIT,m[iU],MDC_DIM_MEGA_INTL_UNIT,M[iU],MDC_DIM_X_INTL_UNIT_PER_KG,[iU]/kg,MDC_DIM_MILLI_INTL_UNIT_PER_KG,m[iU]/kg,MDC_DIM_MEGA_INTL_UNIT_PER_KG,M[iU]/kg,MDC_DIM_X_INTL_UNIT_PER_M_SQ,[iU]/m2,MDC_DIM_MILLI_INTL_UNIT_PER_M_SQ,m[iU]/m2,MDC_DIM_MEGA_INTL_UNIT_PER_M_SQ,M[iU]/m2,MDC_DIM_KILO_INTL_UNIT,k[iU],MDC_DIM_KILO_INTL_UNIT_PER_KG,k[iU]/kg,MDC_DIM_X_ARB_UNIT,[arb'U],MDC_DIM_X_ARB_UNIT_PER_KG,[arb'U]/kg,MDC_DIM_X_ARB_UNIT_PER_M_SQ,[arb'U]/m2,MDC_DIM_MEGA_ARB_UNIT,M[arb'U],MDC_DIM_MEGA_ARB_UNIT_PER_KG,M[arb'U]/kg,MDC_DIM_MEGA_ARB_UNIT_PER_M_SQ,M[arb'U]/m2,MDC_DIM_KILO_ARB_UNIT,k[arb'U],MDC_DIM_KILO_ARB_UNIT_PER_KG,k[arb'U]/kg,MDC_DIM_MILLI_ARB_UNIT,m[arb'U],MDC_DIM_MILLI_ARB_UNIT_PER_KG,m[arb'U]/kg,MDC_DIM_MILLI_ARB_UNIT_PER_M_SQ,m[arb'U]/m2
MDC_DOSE_DRUG_TBI,MDC_DIM_X_G_PER_KG,g/kg,MDC_DIM_MILLI_G_PER_KG,mg/kg,MDC_DIM_MICRO_G_PER_KG,ug/kg,MDC_DIM_NANO_G_PER_KG,ng/kg,MDC_DIM_MILLI_L,mL,MDC_DIM_X_G,g,MDC_DIM_MILLI_G,mg,MDC_DIM_MICRO_G,ug,MDC_DIM_NANO_G,ng,MDC_DIM_X_G_PER_M_SQ,g/m2,MDC_DIM_KILO_G_PER_M_SQ,kg/m2,MDC_DIM_MILLI_G_PER_M_SQ,mg/m2,MDC_DIM_MICRO_G_PER_M_SQ,ug/m2,MDC_DIM_NANO_G_PER_M_SQ,ng/m2,MDC_DIM_MILLI_L_PER_KG,mL/kg,MDC_DIM_X_MOLE,mol,MDC_DIM_MILLI_MOLE,mmol,MDC_DIM_X_EQUIV,eq,MDC_DIM_MILLI_EQUIV,meq,MDC_DIM_X_MOLE_PER_KG,mol/kg,MDC_DIM_MILLI_MOLE_PER_KG,mmol/kg,MDC_DIM_X_MOLE_PER_M_SQ,mol/m2,MDC_DIM_MILLI_MOLE_PER_M_SQ,mmol/m2,MDC_DIM_X_EQUIV_PER_KG,eq/kg,MDC_DIM_MILLI_EQUIV_PER_KG,meq/kg,MDC_DIM_X_EQUIV_PER_M_SQ,eq/m2,MDC_DIM_MILLI_EQUIV_PER_M_SQ,meq/m2,MDC_DIM_X_INTL_UNIT,[iU],MDC_DIM_MILLI_INTL_UNIT,m[iU],MDC_DIM_MEGA_INTL_UNIT,M[iU],MDC_DIM_X_INTL_UNIT_PER_KG,[iU]/kg,MDC_DIM_MILLI_INTL_UNIT_PER_KG,m[iU]/kg,MDC_DIM_MEGA_INTL_UNIT_PER_KG,M[iU]/kg,MDC_DIM_X_INTL_UNIT_PER_M_SQ,[iU]/m2,MDC_DIM_MILLI_INTL_UNIT_PER_M_SQ,m[iU]/m2,MDC_DIM_MEGA_INTL_UNIT_PER_M_SQ,M[iU]/m2,MDC_DIM_KILO_INTL_UNIT,k[iU],MDC_DIM_KILO_INTL_UNIT_PER_KG,k[iU]/kg,MDC_DIM_X_ARB_UNIT,[arb'U],MDC_DIM_X_ARB_UNIT_PER_KG,[arb'U]/kg,MDC_DIM_X_ARB_UNIT_PER_M_SQ,[arb'U]/m2,MDC_DIM_MEGA_ARB_UNIT,M[arb'U],MDC_DIM_MEGA_ARB_UNIT_PER_KG,M[arb'U]/kg,MDC_DIM_MEGA_ARB_UNIT_PER_M_SQ,M[arb'U]/m2,MDC_DIM_KILO_ARB_UNIT,k[arb'U],MDC_DIM_KILO_ARB_UNIT_PER_KG,k[arb'U]/kg,MDC_DIM_MILLI_ARB_UNIT,m[arb'U],MDC_DIM_MILLI_ARB_UNIT_PER_KG,m[arb'U]/kg,MDC_DIM_MILLI_ARB_UNIT_PER_M_SQ,m[arb'U]/m2
MDC_DOSE_DRUG_TBI_REMAIN,MDC_DIM_X_G_PER_KG,g/kg,MDC_DIM_MILLI_G_PER_KG,mg/kg,MDC_DIM_MICRO_G_PER_KG,ug/kg,MDC_DIM_NANO_G_PER_KG,ng/kg,MDC_DIM_MILLI_L,mL,MDC_DIM_X_G,g,MDC_DIM_MILLI_G,mg,MDC_DIM_MICRO_G,ug,MDC_DIM_NANO_G,ng,MDC_DIM_X_G_PER_M_SQ,g/m2,MDC_DIM_KILO_G_PER_M_SQ,kg/m2,MDC_DIM_MILLI_G_PER_M_SQ,mg/m2,MDC_DIM_MICRO_G_PER_M_SQ,ug/m2,MDC_DIM_NANO_G_PER_M_SQ,ng/m2,MDC_DIM_MILLI_L_PER_KG,mL/kg,MDC_DIM_X_MOLE,mol,MDC_DIM_MILLI_MOLE,mmol,MDC_DIM_X_EQUIV,eq,MDC_DIM_MILLI_EQUIV,meq,MDC_DIM_X_MOLE_PER_KG,mol/kg,MDC_DIM_MILLI_MOLE_PER_KG,mmol/kg,MDC_DIM_X_MOLE_PER_M_SQ,mol/m2,MDC_DIM_MILLI_MOLE_PER_M_SQ,mmol/m2,MDC_DIM_X_EQUIV_PER_KG,eq/kg,MDC_DIM_MILLI_EQUIV_PER_KG,meq/kg,MDC_DIM_X_EQUIV_PER_M_SQ,eq/m2,MDC_DIM_MILLI_EQUIV_PER_M_SQ,meq/m2,MDC_DIM_X_INTL_UNIT,[iU],MDC_DIM_MILLI_INTL_UNIT,m[iU],MDC_DIM_MEGA_INTL_UNIT,M[iU],MDC_DIM_X_INTL_UNIT_PER_KG,[iU]/kg,MDC_DIM_MILLI_INTL_UNIT_PER_KG,m[iU]/kg,MDC_DIM_MEGA_INTL_UNIT_PER_KG,M[iU]/kg,MDC_DIM_X_INTL_UNIT_PER_M_SQ,[iU]/m2,MDC_DIM_MILLI_INTL_UNIT_PER_M_SQ,m[iU]/m2,MDC_DIM_MEGA_INTL_UNIT_PER_M_SQ,M[iU]/m2,MDC_DIM_KILO_INTL_UNIT,k[iU],MDC_DIM_KILO_INTL_UNIT_PER_KG,k[iU]/kg,MDC_DIM_X_ARB_UNIT,[arb'U],MDC_DIM_X_ARB_UNIT_PER_KG,[arb'U]/kg,MDC_DIM_X_ARB_UNIT_PER_M_SQ,[arb'U]/m2,MDC_DIM_MEGA_ARB_UNIT,M[arb'U],MDC_DIM_MEGA_ARB_UNIT_PER_KG,M[arb'U]/kg,MDC_DIM_MEGA_ARB_UNIT_PER_M_SQ,M[arb'U]/m2,MDC_DIM_KILO_ARB_UNIT,k[arb'U],MDC_DIM_KILO_ARB_UNIT_PER_KG,k[arb'U]/kg,MDC_DIM_MILLI_ARB_UNIT,m[arb'U],MDC_DIM_MILLI_ARB_UNIT_PER_KG,m[arb'U]/kg,MDC_DIM_MILLI_ARB_UNIT_PER_M_SQ,m[arb'U]/m2
MDC_DOSE_LOADING,MDC_DIM_X_G_PER_KG,g/kg,MDC_DIM_MILLI_G_PER_KG,mg/kg,MDC_DIM_MICRO_G_PER_KG,ug/kg,MDC_DIM_NANO_G_PER_KG,ng/kg,MDC_DIM_MILLI_L,mL,MDC_DIM_X_G,g,MDC_DIM_MILLI_G,mg,MDC_DIM_MICRO_G,ug,MDC_DIM_NANO_G,ng,MDC_DIM_X_G_PER_M_SQ,g/m2,MDC_DIM_KILO_G_PER_M_SQ,kg/m2,MDC_DIM_MILLI_G_PER_M_SQ,mg/m2,MDC_DIM_MICRO_G_PER_M_SQ,ug/m2,MDC_DIM_NANO_G_PER_M_SQ,ng/m2,MDC_DIM_MILLI_L_PER_KG,mL/kg,MDC_DIM_X_MOLE,mol,MDC_DIM_MILLI_MOLE,mmol,MDC_DIM_X_EQUIV,eq,MDC_DIM_MILLI_EQUIV,meq,MDC_DIM_X_MOLE_PER_KG,mol/kg,MDC_DIM_MILLI_MOLE_PER_KG,mmol/kg,MDC_DIM_X_MOLE_PER_M_SQ,mol/m2,MDC_DIM_MILLI_MOLE_PER_M_SQ,mmol/m2,MDC_DIM_X_EQUIV_PER_KG,eq/kg,MDC_DIM_MILLI_EQUIV_PER_KG,meq/kg,MDC_DIM_X_EQUIV_PER_M_SQ,eq/m2,MDC_DIM_MILLI_EQUIV_PER_M_SQ,meq/m2,MDC_DIM_X_INTL_UNIT,[iU],MDC_DIM_MILLI_INTL_UNIT,m[iU],MDC_DIM_MEGA_INTL_UNIT,M[iU],MDC_DIM_X_INTL_UNIT_PER_KG,[iU]/kg,MDC_DIM_MILLI_INTL_UNIT_PER_KG,m[iU]/kg,MDC_DIM_MEGA_INTL_UNIT_PER_KG,M[iU]/kg,MDC_DIM_X_INTL_UNIT_PER_M_SQ,[iU]/m2,MDC_DIM_MILLI_INTL_UNIT_PER_M_SQ,m[iU]/m2,MDC_DIM_MEGA_INTL_UNIT_PER_M_SQ,M[iU]/m2,MDC_DIM_KILO_INTL_UNIT,k[iU],MDC_DIM_KILO_INTL_UNIT_PER_KG,k[iU]/kg,MDC_DIM_X_ARB_UNIT,[arb'U],MDC_DIM_X_ARB_UNIT_PER_KG,[arb'U]/kg,MDC_DIM_X_ARB_UNIT_PER_M_SQ,[arb'U]/m2,MDC_DIM_MEGA_ARB_UNIT,M[arb'U],MDC_DIM_MEGA_ARB_UNIT_PER_KG,M[arb'U]/kg,MDC_DIM_MEGA_ARB_UNIT_PER_M_SQ,M[arb'U]/m2,MDC_DIM_KILO_ARB_UNIT,k[arb'U],MDC_DIM_KILO_ARB_UNIT_PER_KG,k[arb'U]/kg,MDC_DIM_MILLI_ARB_UNIT,m[arb'U],MDC_DIM_MILLI_ARB_UNIT_PER_KG,m[arb'U]/kg,MDC_DIM_MILLI_ARB_UNIT_PER_M_SQ,m[arb'U]/m2
MDC_DOSE_PCA_LIMIT,MDC_DIM_X_G_PER_KG,g/kg,MDC_DIM_MILLI_G_PER_KG,mg/kg,MDC_DIM_MICRO_G_PER_KG,ug/kg,MDC_DIM_NANO_G_PER_KG,ng/kg,MDC_DIM_MILLI_L,mL,MDC_DIM_X_G,g,MDC_DIM_MILLI_G,mg,MDC_DIM_MICRO_G,ug,MDC_DIM_NANO_G,ng,MDC_DIM_X_G_PER_M_SQ,g/m2,MDC_DIM_KILO_G_PER_M_SQ,kg/m2,MDC_DIM_MILLI_G_PER_M_SQ,mg/m2,MDC_DIM_MICRO_G_PER_M_SQ,ug/m2,MDC_DIM_NANO_G_PER_M_SQ,ng/m2,MDC_DIM_MILLI_L_PER_KG,mL/kg,MDC_DIM_X_MOLE,mol,MDC_DIM_MILLI_MOLE,mmol,MDC_DIM_X_EQUIV,eq,MDC_DIM_MILLI_EQUIV,meq,MDC_DIM_X_MOLE_PER_KG,mol/kg,MDC_DIM_MILLI_MOLE_PER_KG,mmol/kg,MDC_DIM_X_MOLE_PER_M_SQ,mol/m2,MDC_DIM_MILLI_MOLE_PER_M_SQ,mmol/m2,MDC_DIM_X_EQUIV_PER_KG,eq/kg,MDC_DIM_MILLI_EQUIV_PER_KG,meq/kg,MDC_DIM_X_EQUIV_PER_M_SQ,eq/m2,MDC_DIM_MILLI_EQUIV_PER_M_SQ,meq/m2,MDC_DIM_X_INTL_UNIT,[iU],MDC_DIM_MILLI_INTL_UNIT,m[iU],MDC_DIM_MEGA_INTL_UNIT,M[iU],MDC_DIM_X_INTL_UNIT_PER_KG,[iU]/kg,MDC_DIM_MILLI_INTL_UNIT_PER_KG,m[iU]/kg,MDC_DIM_MEGA_INTL_UNIT_PER_KG,M[iU]/kg,MDC_DIM_X_INTL_UNIT_PER_M_SQ,[iU]/m2,MDC_DIM_MILLI_INTL_UNIT_PER_M_SQ,m[iU]/m2,MDC_DIM_MEGA_INTL_UNIT_PER_M_SQ,M[iU]/m2,MDC_DIM_KILO_INTL_UNIT,k[iU],MDC_DIM_KILO_INTL_UNIT_PER_KG,k[iU]/kg,MDC_DIM_X_ARB_UNIT,[arb'U],MDC_DIM_X_ARB_UNIT_PER_KG,[arb'U]/kg,MDC_DIM_X_ARB_UNIT_PER_M_SQ,[arb'U]/m2,MDC_DIM_MEGA_ARB_UNIT,M[arb'U],MDC_DIM_MEGA_ARB_UNIT_PER_KG,M[arb'U]/kg,MDC_DIM_MEGA_ARB_UNIT_PER_M_SQ,M[arb'U]/m2,MDC_DIM_KILO_ARB_UNIT,k[arb'U],MDC_DIM_KILO_ARB_UNIT_PER_KG,k[arb'U]/kg,MDC_DIM_MILLI_ARB_UNIT,m[arb'U],MDC_DIM_MILLI_ARB_UNIT_PER_KG,m[arb'U]/kg,MDC_DIM_MILLI_ARB_UNIT_PER_M_SQ,m[arb'U]/m2
MDC_DOSE_PCA_PATIENT,MDC_DIM_X_G_PER_KG,g/kg,MDC_DIM_MILLI_G_PER_KG,mg/kg,MDC_DIM_MICRO_G_PER_KG,ug/kg,MDC_DIM_NANO_G_PER_KG,ng/kg,MDC_DIM_MILLI_L,mL,MDC_DIM_X_G,g,MDC_DIM_MILLI_G,mg,MDC_DIM_MICRO_G,ug,MDC_DIM_NANO_G,ng,MDC_DIM_X_G_PER_M_SQ,g/m2,MDC_DIM_KILO_G_PER_M_SQ,kg/m2,MDC_DIM_MILLI_G_PER_M_SQ,mg/m2,MDC_DIM_MICRO_G_PER_M_SQ,ug/m2,MDC_DIM_NANO_G_PER_M_SQ,ng/m2,MDC_DIM_MILLI_L_PER_KG,mL/kg,MDC_DIM_X_MOLE,mol,MDC_DIM_MILLI_MOLE,mmol,MDC_DIM_X_EQUIV,eq,MDC_DIM_MILLI_EQUIV,meq,MDC_DIM_X_MOLE_PER_KG,mol/kg,MDC_DIM_MILLI_MOLE_PER_KG,mmol/kg,MDC_DIM_X_MOLE_PER_M_SQ,mol/m2,MDC_DIM_MILLI_MOLE_PER_M_SQ,mmol/m2,MDC_DIM_X_EQUIV_PER_KG,eq/kg,MDC_DIM_MILLI_EQUIV_PER_KG,meq/kg,MDC_DIM_X_EQUIV_PER_M_SQ,eq/m2,MDC_DIM_MILLI_EQUIV_PER_M_SQ,meq/m2,MDC_DIM_X_INTL_UNIT,[iU],MDC_DIM_MILLI_INTL_UNIT,m[iU],MDC_DIM_MEGA_INTL_UNIT,M[iU],MDC_DIM_X_INTL_UNIT_PER_KG,[iU]/kg,MDC_DIM_MILLI_INTL_UNIT_PER_KG,m[iU]/kg,MDC_DIM_MEGA_INTL_UNIT_PER_KG,M[iU]/kg,MDC_DIM_X_INTL_UNIT_PER_M_SQ,[iU]/m2,MDC_DIM_MILLI_INTL_UNIT_PER_M_SQ,m[iU]/m2,MDC_DIM_MEGA_INTL_UNIT_PER_M_SQ,M[iU]/m2,MDC_DIM_KILO_INTL_UNIT,k[iU],MDC_DIM_KILO_INTL_UNIT_PER_KG,k[iU]/kg,MDC_DIM_X_ARB_UNIT,[arb'U],MDC_DIM_X_ARB_UNIT_PER_KG,[arb'U]/kg,MDC_DIM_X_ARB_UNIT_PER_M_SQ,[arb'U]/m2,MDC_DIM_MEGA_ARB_UNIT,M[arb'U],MDC_DIM_MEGA_ARB_UNIT_PER_KG,M[arb'U]/kg,MDC_DIM_MEGA_ARB_UNIT_PER_M_SQ,M[arb'U]/m2,MDC_DIM_KILO_ARB_UNIT,k[arb'U],MDC_DIM_KILO_ARB_UNIT_PER_KG,k[arb'U]/kg,MDC_DIM_MILLI_ARB_UNIT,m[arb'U],MDC_DIM_MILLI_ARB_UNIT_PER_KG,m[arb'U]/kg,MDC_DIM_MILLI_ARB_UNIT_PER_M_SQ,m[arb'U]/m2
MDC_ECG_AMPL_ST,MDC_DIM_MILLI_VOLT,mV,MDC_DIM_MICRO_VOLT,uV
MDC_ECG_AMPL_ST_AI,MDC_DIM_MILLI_VOLT,mV,MDC_DIM_MICRO_VOLT,uV
MDC_ECG_AMPL_ST_AS,MDC_DIM_MILLI_VOLT,mV,MDC_DIM_MICRO_VOLT,uV
MDC_ECG_AMPL_ST_AVF,MDC_DIM_MILLI_VOLT,mV,MDC_DIM_MICRO_VOLT,uV
MDC_ECG_AMPL_ST_AVL,MDC_DIM_MILLI_VOLT,mV,MDC_DIM_MICRO_VOLT,uV
MDC_ECG_AMPL_ST_AVR,MDC_DIM_MILLI_VOLT,mV,MDC_DIM_MICRO_VOLT,uV
MDC_ECG_AMPL_ST_dV1,MDC_DIM_MILLI_VOLT,mV,MDC_DIM_MICRO_VOLT,uV
MDC_ECG_AMPL_ST_dV2,MDC_DIM_MILLI_VOLT,mV,MDC_DIM_MICRO_VOLT,uV
MDC_ECG_AMPL_ST_dV3,MDC_DIM_MILLI_VOLT,mV,MDC_DIM_MICRO_VOLT,uV
MDC_ECG_AMPL_ST_dV4,MDC_DIM_MILLI_VOLT,mV,MDC_DIM_MICRO_VOLT,uV
MDC_ECG_AMPL_ST_dV5,MDC_DIM_MILLI_VOLT,mV,MDC_DIM_MICRO_VOLT,uV
MDC_ECG_AMPL_ST_dV6,MDC_DIM_MILLI_VOLT,mV,MDC_DIM_MICRO_VOLT,uV
MDC_ECG_AMPL_ST_ES,MDC_DIM_MILLI_VOLT,mV,MDC_DIM_MICRO_VOLT,uV
MDC_ECG_AMPL_ST_I,MDC_DIM_MILLI_VOLT,mV,MDC_DIM_MICRO_VOLT,uV
MDC_ECG_AMPL_ST_II,MDC_DIM_MILLI_VOLT,mV,MDC_DIM_MICRO_VOLT,uV
MDC_ECG_AMPL_ST_III,MDC_DIM_MILLI_VOLT,mV,MDC_DIM_MICRO_VOLT,uV
MDC_ECG_AMPL_ST_MCL,MDC_DIM_MILLI_VOLT,mV,MDC_DIM_MICRO_VOLT,uV
MDC_ECG_AMPL_ST_MCL1,MDC_DIM_MILLI_VOLT,mV,MDC_DIM_MICRO_VOLT,uV
MDC_ECG_AMPL_ST_MCL6,MDC_DIM_MILLI_VOLT,mV,MDC_DIM_MICRO_VOLT,uV
MDC_ECG_AMPL_ST_V,MDC_DIM_MILLI_VOLT,mV,MDC_DIM_MICRO_VOLT,uV
MDC_ECG_AMPL_ST_V1,MDC_DIM_MILLI_VOLT,mV,MDC_DIM_MICRO_VOLT,uV
MDC_ECG_AMPL_ST_V2,MDC_DIM_MILLI_VOLT,mV,MDC_DIM_MICRO_VOLT,uV
MDC_ECG_AMPL_ST_V3,MDC_DIM_MILLI_VOLT,mV,MDC_DIM_MICRO_VOLT,uV
MDC_ECG_AMPL_ST_V4,MDC_DIM_MILLI_VOLT,mV,MDC_DIM_MICRO_VOLT,uV
MDC_ECG_AMPL_ST_V5,MDC_DIM_MILLI_VOLT,mV,MDC_DIM_MICRO_VOLT,uV
MDC_ECG_AMPL_ST_V6,MDC_DIM_MILLI_VOLT,mV,MDC_DIM_MICRO_VOLT,uV
MDC_ECG_CARD_BEAT_RATE,MDC_DIM_BEAT_PER_MIN,/min,1/min,{beat}/min,{beats}/min
MDC_ECG_CARD_BEAT_RATE_BTB,MDC_DIM_BEAT_PER_MIN,/min,1/min,{beat}/min,{beats}/min
MDC_ECG_HEART_RATE,MDC_DIM_BEAT_PER_MIN,/min,1/min,{beat}/min,{beats}/min
MDC_ECG_PACED_BEAT_RATE,MDC_DIM_BEAT_PER_MIN,/min,1/min,{beat}/min,{beats}/min
MDC_ECG_TIME_PD_QTc,MDC_DIM_MILLI_SEC,ms
MDC_ECG_TIME_PD_QT_GL,MDC_DIM_MILLI_SEC,ms
MDC_ECG_TIME_PD_RR_GL,MDC_DIM_MILLI_SEC,ms
MDC_ECG_V_P_C_CNT,MDC_DIM_BEAT,{beat}
MDC_ECG_V_P_C_RATE,MDC_DIM_BEAT_PER_MIN,/min,1/min,{beat}/min,{beats}/min
MDC_EEG_BISPECTRAL_INDEX,MDC_DIM_DIMLESS,{unitless},1
MDC_EEG_ELEC_POTL_CRTX,MDC_DIM_MICRO_VOLT,uV,MDC_DIM_NANO_VOLT,nV
MDC_EEG_ENTROPY_RESPONSE,MDC_DIM_DIMLESS,{unitless},1
MDC_EEG_ENTROPY_STATE,MDC_DIM_DIMLESS,{unitless},1
MDC_EEG_FREQ_PWR_SPEC_CRTX_DOM_MEAN,MDC_DIM_HZ,Hz
MDC_EEG_FREQ_PWR_SPEC_CRTX_MEDIAN,MDC_DIM_HZ,Hz
MDC_EEG_FREQ_PWR_SPEC_CRTX_PEAK,MDC_DIM_HZ,Hz
MDC_EEG_FREQ_PWR_SPEC_CRTX_SPECTRAL_EDGE,MDC_DIM_HZ,Hz
MDC_EEG_NUM_SEIZ,MDC_DIM_DIMLESS,{unitless},1
MDC_EEG_NUM_SPK,MDC_DIM_DIMLESS,{unitless},1
MDC_EEG_PAROX_CRTX_BURST_CNT,MDC_DIM_DIMLESS,{unitless},1
MDC_EEG_PAROX_CRTX_BURST_RATE,MDC_DIM_PER_MIN,/min,1/min,{count}/min
MDC_EEG_PAROX_CRTX_BURST_SUPPRN,MDC_DIM_PERCENT,%
MDC_EEG_PAROX_CRTX_SPK_CNT,MDC_DIM_DIMLESS,{unitless},1
MDC_EEG_PATIENT_STATE_INDEX,MDC_DIM_PERCENT,%
MDC_EEG_PWR_SPEC_ALPHA_REL,MDC_DIM_PERCENT,%
MDC_EEG_PWR_SPEC_BETA_REL,MDC_DIM_PERCENT,%
MDC_EEG_PWR_SPEC_CSA,MDC_DIM_PICO_WATT_PER_HZ,pW/Hz
MDC_EEG_PWR_SPEC_DELTA_REL,MDC_DIM_PERCENT,%
MDC_EEG_PWR_SPEC_THETA_REL,MDC_DIM_PERCENT,%
MDC_EEG_PWR_SPEC_TOT,MDC_DIM_NANO_WATT,nW,MDC_DIM_DECIBEL_10_NANO_VOLT,dB[10.nV],MDC_DIM_PICO_WATT,pW,MDC_DIM_DECIBEL,dB,dB[10.nV]
MDC_EEG_SIGNAL_QUALITY_INDEX,MDC_DIM_PERCENT,%
MDC_EEG_SNAP_INDEX,MDC_DIM_DIMLESS,{unitless},1
MDC_EMG_ELEC_POTL_MUSCL,MDC_DIM_DECIBEL,dB,dB[10.nV],MDC_DIM_MICRO_VOLT,uV,MDC_DIM_NANO_VOLT,nV,MDC_DIM_DECIBEL_10_NANO_VOLT,dB[10.nV]
MDC_EVT_PATIENT_CHANGE,MDC_DIM_DIMLESS,{unitless},1
MDC_EVT_PATIENT_ID_CHANGE,MDC_DIM_DIMLESS,{unitless},1
MDC_EVT_PATIENT_WEIGHT_CHANGE,MDC_DIM_DIMLESS,{unitless},1
MDC_EVT_PUMP_AUTO_PROG_CLEARED,MDC_DIM_DIMLESS,{unitless},1
MDC_EVT_PUMP_DELIV_COMP,MDC_DIM_DIMLESS,{unitless},1
MDC_EVT_PUMP_DELIV_START,MDC_DIM_DIMLESS,{unitless},1
MDC_EVT_PUMP_DELIV_STOP,MDC_DIM_DIMLESS,{unitless},1
MDC_EVT_PUMP_PROG_CLEARED,MDC_DIM_DIMLESS,{unitless},1
MDC_FLOW_AIR_FG,MDC_DIM_MILLI_L_PER_MIN,mL/min,MDC_DIM_L_PER_MIN,L/min
MDC_FLOW_AIR_FG_SETTING,MDC_DIM_L_PER_MIN,L/min
MDC_FLOW_AWAY,MDC_DIM_MILLI_L_PER_MIN,mL/min,MDC_DIM_L_PER_SEC,L/s
MDC_FLOW_AWAY_EXP,MDC_DIM_MILLI_L_PER_MIN,mL/min,MDC_DIM_L_PER_SEC,L/s
MDC_FLOW_AWAY_EXP_FORCED_PEAK,MDC_DIM_L_PER_SEC,L/s
MDC_FLOW_AWAY_EXP_FORCED_PEAK_PB,MDC_DIM_L_PER_SEC,L/s
MDC_FLOW_AWAY_EXP_MAX,MDC_DIM_MILLI_L_PER_MIN,mL/min,MDC_DIM_L_PER_SEC,L/s
MDC_FLOW_AWAY_INSP,MDC_DIM_MILLI_L_PER_MIN,mL/min,MDC_DIM_L_PER_SEC,L/s
MDC_FLOW_AWAY_INSP_MAX,MDC_DIM_MILLI_L_PER_MIN,mL/min,MDC_DIM_L_PER_SEC,L/s
MDC_FLOW_BLD_PULM_CAP,MDC_DIM_L_PER_SEC,L/s
MDC_FLOW_CO2_PROD_RESP,MDC_DIM_MILLI_L_PER_MIN,mL/min,MDC_DIM_L_PER_SEC,L/s
MDC_FLOW_CO2_PROD_RESP_PER_BSA,MDC_DIM_MILLI_L_PER_MIN_PER_M_SQ,mL/min/m2
MDC_FLOW_CO2_PROD_RESP_PER_IBW,MDC_DIM_MILLI_L_PER_MIN_PER_KG,mL/min/kg
MDC_FLOW_DRUG_DELIV,MDC_DIM_MILLI_L_PER_HR,mL/h
MDC_FLOW_FLUID_PUMP,MDC_DIM_MILLI_L_PER_HR,mL/h
MDC_FLOW_FLUID_PUMP_CURRENT,MDC_DIM_MILLI_L_PER_HR,mL/h
MDC_FLOW_N2O_FG,MDC_DIM_L_PER_MIN,L/min
MDC_FLOW_N2O_FG_SETTING,MDC_DIM_L_PER_MIN,L/min
MDC_FLOW_O2_CONSUMP,MDC_DIM_MILLI_L_PER_MIN,mL/min
MDC_FLOW_O2_CONSUMP_PER_BSA,MDC_DIM_MILLI_L_PER_MIN_PER_M_SQ,mL/min/m2
MDC_FLOW_O2_CONSUMP_PER_IBW,MDC_DIM_MILLI_L_PER_MIN_PER_KG,mL/min/kg
MDC_FLOW_O2_FG,MDC_DIM_L_PER_MIN,L/min
MDC_FLOW_O2_FG_SETTING,MDC_DIM_L_PER_MIN,L/min
MDC_GRAD_PRESS_BLD_AORT_POS_MAX,MDC_DIM_KILO_PASCAL,kPa,MDC_DIM_MMHG,mm[Hg]
MDC_IMPED_TTHOR,MDC_DIM_MILLI_OHM,mOhm,MDC_DIM_OHM,Ohm
MDC_ISI_COAG,MDC_DIM_DIMLESS,{unitless},1
MDC_LEN_BODY_ACTUAL,MDC_DIM_INCH,[in_i],MDC_DIM_CENTI_M,cm
MDC_MASS_BODY_ACTUAL,MDC_DIM_LB,[lb_av],MDC_DIM_KILO_G,kg,MDC_DIM_G,g,MDC_DIM_OZ,[oz_av]
MDC_MASS_BODY_EST_ABW,MDC_DIM_KILO_G,kg,MDC_DIM_G,g,MDC_DIM_LB,[lb_av],MDC_DIM_OZ,[oz_av]
MDC_MASS_BODY_EST_IBW,MDC_DIM_KILO_G,kg,MDC_DIM_G,g,MDC_DIM_LB,[lb_av],MDC_DIM_OZ,[oz_av]
MDC_MASS_BODY_FAT_FREE,MDC_DIM_KILO_G,kg,MDC_DIM_LB,[lb_av]
MDC_MASS_BODY_SOFT_LEAN,MDC_DIM_KILO_G,kg,MDC_DIM_LB,[lb_av]
MDC_MASS_DRUG_DELIV,MDC_DIM_X_G_PER_KG,g/kg,MDC_DIM_MILLI_G_PER_KG,mg/kg,MDC_DIM_MICRO_G_PER_KG,ug/kg,MDC_DIM_NANO_G_PER_KG,ng/kg,MDC_DIM_MILLI_L,mL,MDC_DIM_X_G,g,MDC_DIM_MILLI_G,mg,MDC_DIM_MICRO_G,ug,MDC_DIM_NANO_G,ng,MDC_DIM_X_G_PER_M_SQ,g/m2,MDC_DIM_KILO_G_PER_M_SQ,kg/m2,MDC_DIM_MILLI_G_PER_M_SQ,mg/m2,MDC_DIM_MICRO_G_PER_M_SQ,ug/m2,MDC_DIM_NANO_G_PER_M_SQ,ng/m2,MDC_DIM_MILLI_L_PER_KG,mL/kg,MDC_DIM_X_MOLE,mol,MDC_DIM_MILLI_MOLE,mmol,MDC_DIM_X_EQUIV,eq,MDC_DIM_MILLI_EQUIV,meq,MDC_DIM_X_MOLE_PER_KG,mol/kg,MDC_DIM_MILLI_MOLE_PER_KG,mmol/kg,MDC_DIM_X_MOLE_PER_M_SQ,mol/m2,MDC_DIM_MILLI_MOLE_PER_M_SQ,mmol/m2,MDC_DIM_X_EQUIV_PER_KG,eq/kg,MDC_DIM_MILLI_EQUIV_PER_KG,meq/kg,MDC_DIM_X_EQUIV_PER_M_SQ,eq/m2,MDC_DIM_MILLI_EQUIV_PER_M_SQ,meq/m2,MDC_DIM_X_INTL_UNIT,[iU],MDC_DIM_MILLI_INTL_UNIT,m[iU],MDC_DIM_MEGA_INTL_UNIT,M[iU],MDC_DIM_X_INTL_UNIT_PER_KG,[iU]/kg,MDC_DIM_MILLI_INTL_UNIT_PER_KG,m[iU]/kg,MDC_DIM_MEGA_INTL_UNIT_PER_KG,M[iU]/kg,MDC_DIM_X_INTL_UNIT_PER_M_SQ,[iU]/m2,MDC_DIM_MILLI_INTL_UNIT_PER_M_SQ,m[iU]/m2,MDC_DIM_MEGA_INTL_UNIT_PER_M_SQ,M[iU]/m2,MDC_DIM_KILO_INTL_UNIT,k[iU],MDC_DIM_KILO_INTL_UNIT_PER_KG,k[iU]/kg,MDC_DIM_X_ARB_UNIT,[arb'U],MDC_DIM_X_ARB_UNIT_PER_KG,[arb'U]/kg,MDC_DIM_X_ARB_UNIT_PER_M_SQ,[arb'U]/m2,MDC_DIM_MEGA_ARB_UNIT,M[arb'U],MDC_DIM_MEGA_ARB_UNIT_PER_KG,M[arb'U]/kg,MDC_DIM_MEGA_ARB_UNIT_PER_M_SQ,M[arb'U]/m2,MDC_DIM_KILO_ARB_UNIT,k[arb'U],MDC_DIM_KILO_ARB_UNIT_PER_KG,k[arb'U]/kg,MDC_DIM_MILLI_ARB_UNIT,m[arb'U],MDC_DIM_MILLI_ARB_UNIT_PER_KG,m[arb'U]/kg,MDC_DIM_MILLI_ARB_UNIT_PER_M_SQ,m[arb'U]/m2
MDC_MASS_DRUG_REMAIN_CONTAINER,MDC_DIM_X_G_PER_KG,g/kg,MDC_DIM_MILLI_G_PER_KG,mg/kg,MDC_DIM_MICRO_G_PER_KG,ug/kg,MDC_DIM_NANO_G_PER_KG,ng/kg,MDC_DIM_MILLI_L,mL,MDC_DIM_X_G,g,MDC_DIM_MILLI_G,mg,MDC_DIM_MICRO_G,ug,MDC_DIM_NANO_G,ng,MDC_DIM_X_G_PER_M_SQ,g/m2,MDC_DIM_KILO_G_PER_M_SQ,kg/m2,MDC_DIM_MILLI_G_PER_M_SQ,mg/m2,MDC_DIM_MICRO_G_PER_M_SQ,ug/m2,MDC_DIM_NANO_G_PER_M_SQ,ng/m2,MDC_DIM_MILLI_L_PER_KG,mL/kg,MDC_DIM_X_MOLE,mol,MDC_DIM_MILLI_MOLE,mmol,MDC_DIM_X_EQUIV,eq,MDC_DIM_MILLI_EQUIV,meq,MDC_DIM_X_MOLE_PER_KG,mol/kg,MDC_DIM_MILLI_MOLE_PER_KG,mmol/kg,MDC_DIM_X_MOLE_PER_M_SQ,mol/m2,MDC_DIM_MILLI_MOLE_PER_M_SQ,mmol/m2,MDC_DIM_X_EQUIV_PER_KG,eq/kg,MDC_DIM_MILLI_EQUIV_PER_KG,meq/kg,MDC_DIM_X_EQUIV_PER_M_SQ,eq/m2,MDC_DIM_MILLI_EQUIV_PER_M_SQ,meq/m2,MDC_DIM_X_INTL_UNIT,[iU],MDC_DIM_MILLI_INTL_UNIT,m[iU],MDC_DIM_MEGA_INTL_UNIT,M[iU],MDC_DIM_X_INTL_UNIT_PER_KG,[iU]/kg,MDC_DIM_MILLI_INTL_UNIT_PER_KG,m[iU]/kg,MDC_DIM_MEGA_INTL_UNIT_PER_KG,M[iU]/kg,MDC_DIM_X_INTL_UNIT_PER_M_SQ,[iU]/m2,MDC_DIM_MILLI_INTL_UNIT_PER_M_SQ,m[iU]/m2,MDC_DIM_MEGA_INTL_UNIT_PER_M_SQ,M[iU]/m2,MDC_DIM_KILO_INTL_UNIT,k[iU],MDC_DIM_KILO_INTL_UNIT_PER_KG,k[iU]/kg,MDC_DIM_X_ARB_UNIT,[arb'U],MDC_DIM_X_ARB_UNIT_PER_KG,[arb'U]/kg,MDC_DIM_X_ARB_UNIT_PER_M_SQ,[arb'U]/m2,MDC_DIM_MEGA_ARB_UNIT,M[arb'U],MDC_DIM_MEGA_ARB_UNIT_PER_KG,M[arb'U]/kg,MDC_DIM_MEGA_ARB_UNIT_PER_M_SQ,M[arb'U]/m2,MDC_DIM_KILO_ARB_UNIT,k[arb'U],MDC_DIM_KILO_ARB_UNIT_PER_KG,k[arb'U]/kg,MDC_DIM_MILLI_ARB_UNIT,m[arb'U],MDC_DIM_MILLI_ARB_UNIT_PER_KG,m[arb'U]/kg,MDC_DIM_MILLI_ARB_UNIT_PER_M_SQ,m[arb'U]/m2
MDC_MED_CURRENT_COAG,MDC_DIM_MILLI_G,mg
MDC_MED_NEW_COAG,MDC_DIM_MILLI_G,mg
MDC_MICROENV_HEATER_APPLIED_PWR,MDC_DIM_PERCENT,%,MDC_DIM_WATT,W
MDC_MICROENV_HEATER_HEAT_SINK_RESIST,MDC_DIM_OHM,Ohm
MDC_MICROENV_HEATER_HEAT_SINK_TEMP,MDC_DIM_DEGC,Cel,MDC_DIM_FAHR,[degF]
MDC_NEB_CYCLES_REMAIN,MDC_DIM_DIMLESS,{unitless},1
MDC_NEB_CYCLES_SETTING,MDC_DIM_DIMLESS,{unitless},1
MDC_NEB_TIME_PD_ELAPSED_CURR_CYCLE,MDC_DIM_MIN,min
MDC_NEB_TIME_PD_ELAPSED_TOTAL,MDC_DIM_MIN,min
MDC_NEB_TIME_PD_PAUSE_SETTING,MDC_DIM_MIN,min
MDC_NEB_TIME_PD_PER_CYCLE_SETTING,MDC_DIM_MIN,min
MDC_NEB_TIME_PD_REMAIN_CURR_CYCLE,MDC_DIM_MIN,min
MDC_NEB_TIME_PD_REMAIN_TOTAL,MDC_DIM_MIN,min
MDC_NEB_VOL_FLUID_DELIV_CURR_CYCLE,MDC_DIM_MILLI_L,mL
MDC_NEB_VOL_FLUID_DELIV_TOTAL,MDC_DIM_MILLI_L,mL
MDC_NEB_VOL_FLUID_PER_CYCLE_SETTING,MDC_DIM_MILLI_L,mL
MDC_NEB_VOL_FLUID_REMAIN_CURR_CYCLE,MDC_DIM_MILLI_L,mL
MDC_NEB_VOL_FLUID_REMAIN_TOTAL,MDC_DIM_MILLI_L,mL
MDC_NUM_DOSE_PROG,MDC_DIM_DIMLESS,{unitless},1
MDC_NUM_PATIENT_DOSES_ATTEMPTED_TOTAL,MDC_DIM_DIMLESS,{unitless},1
MDC_NUM_PATIENT_DOSES_GIVEN_TOTAL,MDC_DIM_DIMLESS,{unitless},1
MDC_O2_EXTRACTION_RATIO,MDC_DIM_PERCENT,%
MDC_O2_OXYGENATION_RATIO,MDC_DIM_PERCENT,%
MDC_O2_TCUT,MDC_DIM_KILO_PASCAL,kPa,MDC_DIM_MMHG,mm[Hg]
MDC_OUTPUT_CARD,MDC_DIM_L_PER_MIN,L/min
MDC_OUTPUT_CARDIAC_FICK,MDC_DIM_L_PER_MIN,L/min
MDC_OUTPUT_CARD_CTS,MDC_DIM_L_PER_MIN,L/min
MDC_OUTPUT_CARD_INDEX,MDC_DIM_L_PER_MIN_PER_M_SQ,L/min/m2
MDC_OUTPUT_CARD_NONCTS,MDC_DIM_L_PER_MIN,L/min
MDC_PALPATION_HEART_RATE,MDC_DIM_BEAT_PER_MIN,/min,1/min,{beat}/min,{beats}/min
MDC_POWER_TCUT,MDC_DIM_MILLI_WATT,mW
MDC_PRESS_AIR_AMBIENT,MDC_DIM_HECTO_PASCAL,hPa,MDC_DIM_KILO_PASCAL,kPa,MDC_DIM_MMHG,mm[Hg],MDC_DIM_CM_H2O,cm[H2O],MDC_DIM_MILLI_BAR,mbar
MDC_PRESS_AIR_CYL,MDC_DIM_KILO_PASCAL,kPa,MDC_DIM_PSI,[psi],MDC_DIM_MILLI_BAR,mbar
MDC_PRESS_AIR_SUPPLY,MDC_DIM_KILO_PASCAL,kPa,MDC_DIM_PSI,[psi],MDC_DIM_MILLI_BAR,mbar
MDC_PRESS_AWAY,MDC_DIM_HECTO_PASCAL,hPa,MDC_DIM_KILO_PASCAL,kPa,MDC_DIM_MMHG,mm[Hg],MDC_DIM_CM_H2O,cm[H2O],MDC_DIM_MILLI_BAR,mbar
MDC_PRESS_AWAY_CTS_POS,MDC_DIM_HECTO_PASCAL,hPa,MDC_DIM_KILO_PASCAL,kPa,MDC_DIM_MMHG,mm[Hg],MDC_DIM_CM_H2O,cm[H2O],MDC_DIM_MILLI_BAR,mbar
MDC_PRESS_AWAY_END_EXP_POS,MDC_DIM_HECTO_PASCAL,hPa,MDC_DIM_KILO_PASCAL,kPa,MDC_DIM_MMHG,mm[Hg],MDC_DIM_CM_H2O,cm[H2O],MDC_DIM_MILLI_BAR,mbar
MDC_PRESS_AWAY_END_EXP_POS_EXTRINSIC,MDC_DIM_HECTO_PASCAL,hPa,MDC_DIM_KILO_PASCAL,kPa,MDC_DIM_MMHG,mm[Hg],MDC_DIM_CM_H2O,cm[H2O],MDC_DIM_MILLI_BAR,mbar
MDC_PRESS_AWAY_END_EXP_POS_EXTRINSIC_DYNAMIC,MDC_DIM_HECTO_PASCAL,hPa,MDC_DIM_KILO_PASCAL,kPa,MDC_DIM_MMHG,mm[Hg],MDC_DIM_CM_H2O,cm[H2O],MDC_DIM_MILLI_BAR,mbar
MDC_PRESS_AWAY_END_EXP_POS_INTRINSIC,MDC_DIM_HECTO_PASCAL,hPa,MDC_DIM_KILO_PASCAL,kPa,MDC_DIM_MMHG,mm[Hg],MDC_DIM_CM_H2O,cm[H2O],MDC_DIM_MILLI_BAR,mbar
MDC_PRESS_AWAY_END_EXP_POS_INTRINSIC_DYNAMIC,MDC_DIM_HECTO_PASCAL,hPa,MDC_DIM_KILO_PASCAL,kPa,MDC_DIM_MMHG,mm[Hg],MDC_DIM_CM_H2O,cm[H2O],MDC_DIM_MILLI_BAR,mbar
MDC_PRESS_AWAY_END_EXP_POS_SETTING,MDC_DIM_HECTO_PASCAL,hPa,MDC_DIM_KILO_PASCAL,kPa,MDC_DIM_MMHG,mm[Hg],MDC_DIM_CM_H2O,cm[H2O],MDC_DIM_MILLI_BAR,mbar
MDC_PRESS_AWAY_END_EXP_POS_TOTAL,MDC_DIM_HECTO_PASCAL,hPa,MDC_DIM_KILO_PASCAL,kPa,MDC_DIM_MMHG,mm[Hg],MDC_DIM_CM_H2O,cm[H2O],MDC_DIM_MILLI_BAR,mbar
MDC_PRESS_AWAY_END_EXP_POS_TOTAL_DYNAMIC,MDC_DIM_HECTO_PASCAL,hPa,MDC_DIM_KILO_PASCAL,kPa,MDC_DIM_MMHG,mm[Hg],MDC_DIM_CM_H2O,cm[H2O],MDC_DIM_MILLI_BAR,mbar
MDC_PRESS_AWAY_EXP,MDC_DIM_HECTO_PASCAL,hPa,MDC_DIM_KILO_PASCAL,kPa,MDC_DIM_MMHG,mm[Hg],MDC_DIM_CM_H2O,cm[H2O],MDC_DIM_MILLI_BAR,mbar
MDC_PRESS_AWAY_EXP_MAX,MDC_DIM_HECTO_PASCAL,hPa,MDC_DIM_KILO_PASCAL,kPa,MDC_DIM_MMHG,mm[Hg],MDC_DIM_CM_H2O,cm[H2O],MDC_DIM_MILLI_BAR,mbar
MDC_PRESS_AWAY_EXP_MIN,MDC_DIM_HECTO_PASCAL,hPa,MDC_DIM_KILO_PASCAL,kPa,MDC_DIM_MMHG,mm[Hg],MDC_DIM_CM_H2O,cm[H2O],MDC_DIM_MILLI_BAR,mbar
MDC_PRESS_AWAY_INSP,MDC_DIM_HECTO_PASCAL,hPa,MDC_DIM_KILO_PASCAL,kPa,MDC_DIM_MMHG,mm[Hg],MDC_DIM_CM_H2O,cm[H2O],MDC_DIM_MILLI_BAR,mbar
MDC_PRESS_AWAY_INSP_END,MDC_DIM_HECTO_PASCAL,hPa,MDC_DIM_KILO_PASCAL,kPa,MDC_DIM_MMHG,mm[Hg],MDC_DIM_CM_H2O,cm[H2O],MDC_DIM_MILLI_BAR,mbar
MDC_PRESS_AWAY_INSP_MAX,MDC_DIM_HECTO_PASCAL,hPa,MDC_DIM_KILO_PASCAL,kPa,MDC_DIM_MMHG,mm[Hg],MDC_DIM_CM_H2O,cm[H2O],MDC_DIM_MILLI_BAR,mbar
MDC_PRESS_AWAY_INSP_MEAN,MDC_DIM_HECTO_PASCAL,hPa,MDC_DIM_KILO_PASCAL,kPa,MDC_DIM_MMHG,mm[Hg],MDC_DIM_CM_H2O,cm[H2O],MDC_DIM_MILLI_BAR,mbar
MDC_PRESS_AWAY_INSP_MIN,MDC_DIM_HECTO_PASCAL,hPa,MDC_DIM_KILO_PASCAL,kPa,MDC_DIM_MMHG,mm[Hg],MDC_DIM_CM_H2O,cm[H2O],MDC_DIM_MILLI_BAR,mbar
MDC_PRESS_AWAY_INSP_PEAK,MDC_DIM_HECTO_PASCAL,hPa,MDC_DIM_KILO_PASCAL,kPa,MDC_DIM_MMHG,mm[Hg],MDC_DIM_CM_H2O,cm[H2O],MDC_DIM_MILLI_BAR,mbar
MDC_PRESS_AWAY_MAX,MDC_DIM_HECTO_PASCAL,hPa,MDC_DIM_KILO_PASCAL,kPa,MDC_DIM_MMHG,mm[Hg],MDC_DIM_CM_H2O,cm[H2O],MDC_DIM_MILLI_BAR,mbar
MDC_PRESS_AWAY_MEAN,MDC_DIM_HECTO_PASCAL,hPa,MDC_DIM_KILO_PASCAL,kPa,MDC_DIM_MMHG,mm[Hg],MDC_DIM_CM_H2O,cm[H2O],MDC_DIM_MILLI_BAR,mbar
MDC_PRESS_AWAY_MIN,MDC_DIM_HECTO_PASCAL,hPa,MDC_DIM_KILO_PASCAL,kPa,MDC_DIM_MMHG,mm[Hg],MDC_DIM_CM_H2O,cm[H2O],MDC_DIM_MILLI_BAR,mbar
MDC_PRESS_AWAY_NEG_MAX,MDC_DIM_HECTO_PASCAL,hPa,MDC_DIM_KILO_PASCAL,kPa,MDC_DIM_MMHG,mm[Hg],MDC_DIM_CM_H2O,cm[H2O],MDC_DIM_MILLI_BAR,mbar
MDC_PRESS_BAROMETRIC,MDC_DIM_MMHG,mm[Hg]
MDC_PRESS_BLD,MDC_DIM_KILO_PASCAL,kPa,MDC_DIM_MMHG,mm[Hg]
MDC_PRESS_BLD_AORT,MDC_DIM_KILO_PASCAL,kPa,MDC_DIM_MMHG,mm[Hg]
MDC_PRESS_BLD_AORT_DIA,MDC_DIM_KILO_PASCAL,kPa,MDC_DIM_MMHG,mm[Hg]
MDC_PRESS_BLD_AORT_MEAN,MDC_DIM_KILO_PASCAL,kPa,MDC_DIM_MMHG,mm[Hg]
MDC_PRESS_BLD_AORT_SYS,MDC_DIM_KILO_PASCAL,kPa,MDC_DIM_MMHG,mm[Hg]
MDC_PRESS_BLD_ART,MDC_DIM_KILO_PASCAL,kPa,MDC_DIM_MMHG,mm[Hg]
MDC_PRESS_BLD_ART_ABP,MDC_DIM_KILO_PASCAL,kPa,MDC_DIM_MMHG,mm[Hg]
MDC_PRESS_BLD_ART_ABP_DIA,MDC_DIM_KILO_PASCAL,kPa,MDC_DIM_MMHG,mm[Hg]
MDC_PRESS_BLD_ART_ABP_MEAN,MDC_DIM_KILO_PASCAL,kPa,MDC_DIM_MMHG,mm[Hg]
MDC_PRESS_BLD_ART_ABP_SYS,MDC_DIM_KILO_PASCAL,kPa,MDC_DIM_MMHG,mm[Hg]
MDC_PRESS_BLD_ART_BRACHIAL,MDC_DIM_KILO_PASCAL,kPa,MDC_DIM_MMHG,mm[Hg]
MDC_PRESS_BLD_ART_DIA,MDC_DIM_KILO_PASCAL,kPa,MDC_DIM_MMHG,mm[Hg]
MDC_PRESS_BLD_ART_FEMORAL,MDC_DIM_KILO_PASCAL,kPa,MDC_DIM_MMHG,mm[Hg]
MDC_PRESS_BLD_ART_FEMORAL_DIA,MDC_DIM_KILO_PASCAL,kPa,MDC_DIM_MMHG,mm[Hg]
MDC_PRESS_BLD_ART_FEMORAL_MEAN,MDC_DIM_KILO_PASCAL,kPa,MDC_DIM_MMHG,mm[Hg]
MDC_PRESS_BLD_ART_FEMORAL_SYS,MDC_DIM_KILO_PASCAL,kPa,MDC_DIM_MMHG,mm[Hg]
MDC_PRESS_BLD_ART_MEAN,MDC_DIM_KILO_PASCAL,kPa,MDC_DIM_MMHG,mm[Hg]
MDC_PRESS_BLD_ART_PULM,MDC_DIM_KILO_PASCAL,kPa,MDC_DIM_MMHG,mm[Hg]
MDC_PRESS_BLD_ART_PULM_DIA,MDC_DIM_KILO_PASCAL,kPa,MDC_DIM_MMHG,mm[Hg]
MDC_PRESS_BLD_ART_PULM_MEAN,MDC_DIM_KILO_PASCAL,kPa,MDC_DIM_MMHG,mm[Hg]
MDC_PRESS_BLD_ART_PULM_OCCL,MDC_DIM_KILO_PASCAL,kPa,MDC_DIM_MMHG,mm[Hg]
MDC_PRESS_BLD_ART_PULM_SYS,MDC_DIM_KILO_PASCAL,kPa,MDC_DIM_MMHG,mm[Hg]
MDC_PRESS_BLD_ART_PULM_WEDGE,MDC_DIM_KILO_PASCAL,kPa,MDC_DIM_MMHG,mm[Hg]
MDC_PRESS_BLD_ART_SYS,MDC_DIM_KILO_PASCAL,kPa,MDC_DIM_MMHG,mm[Hg]
MDC_PRESS_BLD_ART_UMB,MDC_DIM_KILO_PASCAL,kPa,MDC_DIM_MMHG,mm[Hg]
MDC_PRESS_BLD_ART_UMB_DIA,MDC_DIM_KILO_PASCAL,kPa,MDC_DIM_MMHG,mm[Hg]
MDC_PRESS_BLD_ART_UMB_MEAN,MDC_DIM_KILO_PASCAL,kPa,MDC_DIM_MMHG,mm[Hg]
MDC_PRESS_BLD_ART_UMB_SYS,MDC_DIM_KILO_PASCAL,kPa,MDC_DIM_MMHG,mm[Hg]
MDC_PRESS_BLD_ATR_LEFT,MDC_DIM_KILO_PASCAL,kPa,MDC_DIM_MMHG,mm[Hg]
MDC_PRESS_BLD_ATR_LEFT_DIA,MDC_DIM_KILO_PASCAL,kPa,MDC_DIM_MMHG,mm[Hg]
MDC_PRESS_BLD_ATR_LEFT_MEAN,MDC_DIM_KILO_PASCAL,kPa,MDC_DIM_MMHG,mm[Hg]
MDC_PRESS_BLD_ATR_LEFT_SYS,MDC_DIM_KILO_PASCAL,kPa,MDC_DIM_MMHG,mm[Hg]
MDC_PRESS_BLD_ATR_RIGHT,MDC_DIM_KILO_PASCAL,kPa,MDC_DIM_MMHG,mm[Hg]
MDC_PRESS_BLD_ATR_RIGHT_DIA,MDC_DIM_KILO_PASCAL,kPa,MDC_DIM_MMHG,mm[Hg]
MDC_PRESS_BLD_ATR_RIGHT_MEAN,MDC_DIM_KILO_PASCAL,kPa,MDC_DIM_MMHG,mm[Hg]
MDC_PRESS_BLD_ATR_RIGHT_SYS,MDC_DIM_KILO_PASCAL,kPa,MDC_DIM_MMHG,mm[Hg]
MDC_PRESS_BLD_DIA,MDC_DIM_KILO_PASCAL,kPa,MDC_DIM_MMHG,mm[Hg]
MDC_PRESS_BLD_MEAN,MDC_DIM_KILO_PASCAL,kPa,MDC_DIM_MMHG,mm[Hg]
MDC_PRESS_BLD_NONINV,MDC_DIM_KILO_PASCAL,kPa,MDC_DIM_MMHG,mm[Hg]
MDC_PRESS_BLD_NONINV_DIA,MDC_DIM_KILO_PASCAL,kPa,MDC_DIM_MMHG,mm[Hg]
MDC_PRESS_BLD_NONINV_DIA_CTS,MDC_DIM_KILO_PASCAL,kPa,MDC_DIM_MMHG,mm[Hg]
MDC_PRESS_BLD_NONINV_MEAN,MDC_DIM_KILO_PASCAL,kPa,MDC_DIM_MMHG,mm[Hg]
MDC_PRESS_BLD_NONINV_MEAN_CTS,MDC_DIM_KILO_PASCAL,kPa,MDC_DIM_MMHG,mm[Hg]
MDC_PRESS_BLD_NONINV_SYS,MDC_DIM_KILO_PASCAL,kPa,MDC_DIM_MMHG,mm[Hg]
MDC_PRESS_BLD_NONINV_SYS_CTS,MDC_DIM_KILO_PASCAL,kPa,MDC_DIM_MMHG,mm[Hg]
MDC_PRESS_BLD_PULM_CAP,MDC_DIM_KILO_PASCAL,kPa,MDC_DIM_MMHG,mm[Hg]
MDC_PRESS_BLD_PULM_CAP_DIA,MDC_DIM_KILO_PASCAL,kPa,MDC_DIM_MMHG,mm[Hg]
MDC_PRESS_BLD_PULM_CAP_MEAN,MDC_DIM_KILO_PASCAL,kPa,MDC_DIM_MMHG,mm[Hg]
MDC_PRESS_BLD_PULM_CAP_SYS,MDC_DIM_KILO_PASCAL,kPa,MDC_DIM_MMHG,mm[Hg]
MDC_PRESS_BLD_SYS,MDC_DIM_KILO_PASCAL,kPa,MDC_DIM_MMHG,mm[Hg]
MDC_PRESS_BLD_VENT_LEFT_DIA,MDC_DIM_KILO_PASCAL,kPa,MDC_DIM_MMHG,mm[Hg]
MDC_PRESS_BLD_VENT_LEFT_MEAN,MDC_DIM_KILO_PASCAL,kPa,MDC_DIM_MMHG,mm[Hg]
MDC_PRESS_BLD_VENT_LEFT_SYS,MDC_DIM_KILO_PASCAL,kPa,MDC_DIM_MMHG,mm[Hg]
MDC_PRESS_BLD_VENT_RIGHT_DIA,MDC_DIM_KILO_PASCAL,kPa,MDC_DIM_MMHG,mm[Hg]
MDC_PRESS_BLD_VENT_RIGHT_MEAN,MDC_DIM_KILO_PASCAL,kPa,MDC_DIM_MMHG,mm[Hg]
MDC_PRESS_BLD_VENT_RIGHT_SYS,MDC_DIM_KILO_PASCAL,kPa,MDC_DIM_MMHG,mm[Hg]
MDC_PRESS_BLD_VEN_CENT,MDC_DIM_KILO_PASCAL,kPa,MDC_DIM_MMHG,mm[Hg]
MDC_PRESS_BLD_VEN_CENT_DIA,MDC_DIM_KILO_PASCAL,kPa,MDC_DIM_MMHG,mm[Hg]
MDC_PRESS_BLD_VEN_CENT_MEAN,MDC_DIM_KILO_PASCAL,kPa,MDC_DIM_MMHG,mm[Hg]
MDC_PRESS_BLD_VEN_CENT_SYS,MDC_DIM_KILO_PASCAL,kPa,MDC_DIM_MMHG,mm[Hg]
MDC_PRESS_BLD_VEN_FEMORAL,MDC_DIM_KILO_PASCAL,kPa,MDC_DIM_MMHG,mm[Hg]
MDC_PRESS_BLD_VEN_UMB,MDC_DIM_KILO_PASCAL,kPa,MDC_DIM_MMHG,mm[Hg]
MDC_PRESS_BLD_VEN_UMB_DIA,MDC_DIM_KILO_PASCAL,kPa,MDC_DIM_MMHG,mm[Hg]
MDC_PRESS_BLD_VEN_UMB_MEAN,MDC_DIM_KILO_PASCAL,kPa,MDC_DIM_MMHG,mm[Hg]
MDC_PRESS_BLD_VEN_UMB_SYS,MDC_DIM_KILO_PASCAL,kPa,MDC_DIM_MMHG,mm[Hg]
MDC_PRESS_CEREB_PERF,MDC_DIM_KILO_PASCAL,kPa,MDC_DIM_MMHG,mm[Hg]
MDC_PRESS_CUFF,MDC_DIM_KILO_PASCAL,kPa,MDC_DIM_MMHG,mm[Hg]
MDC_PRESS_CUFF_DIA,MDC_DIM_KILO_PASCAL,kPa,MDC_DIM_MMHG,mm[Hg]
MDC_PRESS_CUFF_MEAN,MDC_DIM_KILO_PASCAL,kPa,MDC_DIM_MMHG,mm[Hg]
MDC_PRESS_CUFF_SYS,MDC_DIM_KILO_PASCAL,kPa,MDC_DIM_MMHG,mm[Hg]
MDC_PRESS_ESOPH,MDC_DIM_HECTO_PASCAL,hPa,MDC_DIM_KILO_PASCAL,kPa,MDC_DIM_MMHG,mm[Hg],MDC_DIM_CM_H2O,cm[H2O],MDC_DIM_MILLI_BAR,mbar
MDC_PRESS_ETT_CUFF,MDC_DIM_HECTO_PASCAL,hPa,MDC_DIM_KILO_PASCAL,kPa,MDC_DIM_MMHG,mm[Hg],MDC_DIM_CM_H2O,cm[H2O],MDC_DIM_MILLI_BAR,mbar
MDC_PRESS_ETT_CUFF_END_EXH,MDC_DIM_HECTO_PASCAL,hPa,MDC_DIM_KILO_PASCAL,kPa,MDC_DIM_MMHG,mm[Hg],MDC_DIM_CM_H2O,cm[H2O],MDC_DIM_MILLI_BAR,mbar
MDC_PRESS_GASTRIC,MDC_DIM_HECTO_PASCAL,hPa,MDC_DIM_KILO_PASCAL,kPa,MDC_DIM_MMHG,mm[Hg],MDC_DIM_CM_H2O,cm[H2O],MDC_DIM_MILLI_BAR,mbar
MDC_PRESS_GI,MDC_DIM_KILO_PASCAL,kPa
MDC_PRESS_INTRAPL,MDC_DIM_HECTO_PASCAL,hPa,MDC_DIM_KILO_PASCAL,kPa,MDC_DIM_MMHG,mm[Hg],MDC_DIM_CM_H2O,cm[H2O],MDC_DIM_MILLI_BAR,mbar
MDC_PRESS_INTRA_CRAN,MDC_DIM_KILO_PASCAL,kPa,MDC_DIM_MMHG,mm[Hg]
MDC_PRESS_INTRA_CRAN_DIA,MDC_DIM_KILO_PASCAL,kPa,MDC_DIM_MMHG,mm[Hg]
MDC_PRESS_INTRA_CRAN_MEAN,MDC_DIM_KILO_PASCAL,kPa,MDC_DIM_MMHG,mm[Hg]
MDC_PRESS_INTRA_CRAN_SYS,MDC_DIM_KILO_PASCAL,kPa,MDC_DIM_MMHG,mm[Hg]
MDC_PRESS_N2O_CYL,MDC_DIM_KILO_PASCAL,kPa,MDC_DIM_PSI,[psi],MDC_DIM_MILLI_BAR,mbar
MDC_PRESS_N2O_SUPPLY,MDC_DIM_KILO_PASCAL,kPa,MDC_DIM_PSI,[psi],MDC_DIM_MILLI_BAR,mbar
MDC_PRESS_O2_CYL,MDC_DIM_KILO_PASCAL,kPa,MDC_DIM_PSI,[psi],MDC_DIM_MILLI_BAR,mbar
MDC_PRESS_O2_CYL_2,MDC_DIM_KILO_PASCAL,kPa,MDC_DIM_PSI,[psi],MDC_DIM_MILLI_BAR,mbar
MDC_PRESS_O2_SUPPLY,MDC_DIM_KILO_PASCAL,kPa,MDC_DIM_PSI,[psi],MDC_DIM_MILLI_BAR,mbar
MDC_PRESS_RESP_PAUSE,MDC_DIM_HECTO_PASCAL,hPa,MDC_DIM_KILO_PASCAL,kPa,MDC_DIM_MMHG,mm[Hg],MDC_DIM_CM_H2O,cm[H2O],MDC_DIM_MILLI_BAR,mbar
MDC_PRESS_RESP_PLAT,MDC_DIM_HECTO_PASCAL,hPa,MDC_DIM_KILO_PASCAL,kPa,MDC_DIM_MMHG,mm[Hg],MDC_DIM_CM_H2O,cm[H2O],MDC_DIM_MILLI_BAR,mbar
MDC_PRESS_RESP_PLAT_DYNAMIC,MDC_DIM_HECTO_PASCAL,hPa,MDC_DIM_KILO_PASCAL,kPa,MDC_DIM_MMHG,mm[Hg],MDC_DIM_CM_H2O,cm[H2O],MDC_DIM_MILLI_BAR,mbar
MDC_PRESS_RESP_PLAT_STATIC,MDC_DIM_HECTO_PASCAL,hPa,MDC_DIM_KILO_PASCAL,kPa,MDC_DIM_MMHG,mm[Hg],MDC_DIM_CM_H2O,cm[H2O],MDC_DIM_MILLI_BAR,mbar
MDC_PRESS_RESP_RATE,MDC_DIM_RESP_PER_MIN,/min,1/min,{breath}/min,{breaths}/min,{resp}/min
MDC_PRESS_TIME_PRODUCT_INSP,MDC_DIM_CM_H2O_SEC_PER_BREATH,cm[H2O].s/{breath},MDC_DIM_MILLI_BAR_SEC_PER_BREATH,mbar.s/{breath},mbar.s,MDC_DIM_CM_H2O_SEC_PER_MIN,cm[H2O].s/min
MDC_PRESS_TRANSPULM,MDC_DIM_HECTO_PASCAL,hPa,MDC_DIM_KILO_PASCAL,kPa,MDC_DIM_MMHG,mm[Hg],MDC_DIM_CM_H2O,cm[H2O],MDC_DIM_MILLI_BAR,mbar
MDC_PULS_OXIM_CONC_HB_O2_ART_CALC,MDC_DIM_MILLI_L_PER_DL,mL/dL
MDC_PULS_OXIM_HB_CO_ART,MDC_DIM_PERCENT,%
MDC_PULS_OXIM_HB_MET_ART,MDC_DIM_PERCENT,%
MDC_PULS_OXIM_HB_TOTAL_ART,MDC_DIM_X_G_PER_L,g/L,MDC_DIM_X_G_PER_DL,g/dL,MDC_DIM_MILLI_MOLE_PER_L,mmol/L
MDC_PULS_OXIM_PERF_REL,MDC_DIM_DIMLESS,{unitless},1
MDC_PULS_OXIM_PLETH,MDC_DIM_PERCENT,%
MDC_PULS_OXIM_PLETH_RESP_RATE,MDC_DIM_RESP_PER_MIN,/min,1/min,{breath}/min,{breaths}/min,{resp}/min
MDC_PULS_OXIM_PULS_RATE,MDC_DIM_PER_MIN,/min,1/min,{count}/min,MDC_DIM_BEAT_PER_MIN,/min,1/min,{beat}/min,{beats}/min,MDC_DIM_PULS_PER_MIN,/min,1/min,{pulse}/min,{pulses}/min
MDC_PULS_OXIM_SAT_O2,MDC_DIM_PERCENT,%
MDC_PULS_OXIM_SAT_O2_ART_LEFT,MDC_DIM_PERCENT,%
MDC_PULS_OXIM_SAT_O2_ART_POSTDUCTAL,MDC_DIM_PERCENT,%
MDC_PULS_OXIM_SAT_O2_ART_PREDUCTAL,MDC_DIM_PERCENT,%
MDC_PULS_OXIM_SAT_O2_ART_PRE_POST_DIFF,MDC_DIM_PERCENT,%
MDC_PULS_OXIM_SAT_O2_ART_RIGHT,MDC_DIM_PERCENT,%
MDC_PULS_OXIM_SAT_O2_DIFF,MDC_DIM_PERCENT,%
MDC_PULS_RATE,MDC_DIM_PER_MIN,/min,1/min,{count}/min,MDC_DIM_BEAT_PER_MIN,/min,1/min,{beat}/min,{beats}/min,MDC_DIM_PULS_PER_MIN,/min,1/min,{pulse}/min,{pulses}/min
MDC_PULS_RATE_NON_INV,MDC_DIM_PER_MIN,/min,1/min,{count}/min,MDC_DIM_BEAT_PER_MIN,/min,1/min,{beat}/min,{beats}/min,MDC_DIM_PULS_PER_MIN,/min,1/min,{pulse}/min,{pulses}/min
MDC_PUMP_MODE_CONCURRENT_CHAN_LABEL,MDC_DIM_NOS,{unknown}
MDC_QUICK_VALUE_COAG,MDC_DIM_PERCENT,%
MDC_QUO_RESP,MDC_DIM_DIMLESS,{unitless},1
MDC_RATE_DOSE,MDC_DIM_X_G_PER_SEC,g/s,MDC_DIM_X_G_PER_MIN,g/min,MDC_DIM_MILLI_G_PER_MIN,mg/min,MDC_DIM_MICRO_G_PER_MIN,ug/min,MDC_DIM_NANO_G_PER_MIN,ng/min,MDC_DIM_X_G_PER_HR,g/h,MDC_DIM_MILLI_G_PER_HR,mg/h,MDC_DIM_MICRO_G_PER_HR,ug/h,MDC_DIM_NANO_G_PER_HR,ng/h,MDC_DIM_X_G_PER_DAY,g/d,MDC_DIM_MILLI_G_PER_DAY,mg/d,MDC_DIM_MICRO_G_PER_DAY,ug/d,MDC_DIM_NANO_G_PER_DAY,ng/d,MDC_DIM_X_G_PER_KG_PER_SEC,g/kg/s,MDC_DIM_X_G_PER_KG_PER_MIN,g/kg/min,MDC_DIM_MILLI_G_PER_KG_PER_MIN,mg/kg/min,MDC_DIM_MICRO_G_PER_KG_PER_MIN,ug/kg/min,MDC_DIM_NANO_G_PER_KG_PER_MIN,ng/kg/min,MDC_DIM_X_G_PER_KG_PER_HR,g/kg/h,MDC_DIM_MILLI_G_PER_KG_PER_HR,mg/kg/h,MDC_DIM_MICRO_G_PER_KG_PER_HR,ug/kg/h,MDC_DIM_NANO_G_PER_KG_PER_HR,ng/kg/h,MDC_DIM_X_G_PER_KG_PER_DAY,g/kg/d,MDC_DIM_MILLI_G_PER_KG_PER_DAY,mg/kg/d,MDC_DIM_MICRO_G_PER_KG_PER_DAY,ug/kg/d,MDC_DIM_NANO_G_PER_KG_PER_DAY,ng/kg/d,MDC_DIM_X_G_PER_LB_PER_MIN,g/[lb_av]/min,MDC_DIM_MILLI_G_PER_LB_PER_MIN,mg/[lb_av]/min,MDC_DIM_MICRO_G_PER_LB_PER_MIN,ug/[lb_av]/min,MDC_DIM_NANO_G_PER_LB_PER_MIN,ng/[lb_av]/min,MDC_DIM_X_G_PER_LB_PER_HR,g/[lb_av]/h,MDC_DIM_MILLI_G_PER_LB_PER_HR,mg/[lb_av]/h,MDC_DIM_MICRO_G_PER_LB_PER_HR,ug/[lb_av]/h,MDC_DIM_NANO_G_PER_LB_PER_HR,ng/[lb_av]/h,MDC_DIM_X_G_PER_M_SQ_PER_MIN,g/m2/min,MDC_DIM_MILLI_G_PER_M_SQ_PER_MIN,mg/m2/min,MDC_DIM_MICRO_G_PER_M_SQ_PER_MIN,ug/m2/min,MDC_DIM_NANO_G_PER_M_SQ_PER_MIN,ng/m2/min,MDC_DIM_X_G_PER_M_SQ_PER_HR,g/m2/h,MDC_DIM_MILLI_G_PER_M_SQ_PER_HR,mg/m2/h,MDC_DIM_MICRO_G_PER_M_SQ_PER_HR,ug/m2/h,MDC_DIM_NANO_G_PER_M_SQ_PER_HR,ng/m2/h,MDC_DIM_X_G_PER_M_SQ_PER_DAY,g/m2/d,MDC_DIM_MILLI_G_PER_M_SQ_PER_DAY,mg/m2/d,MDC_DIM_MICRO_G_PER_M_SQ_PER_DAY,ug/m2/d,MDC_DIM_NANO_G_PER_M_SQ_PER_DAY,ng/m2/d,MDC_DIM_X_MOLE_PER_SEC,mol/s,MDC_DIM_X_MOLE_PER_MIN,mol/min,MDC_DIM_MILLI_MOLE_PER_MIN,mmol/min,MDC_DIM_X_MOLE_PER_HR,mol/h,MDC_DIM_MILLI_MOLE_PER_HR,mmol/h,MDC_DIM_X_MOLE_PER_DAY,mol/d,MDC_DIM_MILLI_MOLE_PER_DAY,mmol/d,MDC_DIM_X_EQUIV_PER_SEC,eq/s,MDC_DIM_X_EQUIV_PER_MIN,eq/min,MDC_DIM_MILLI_EQUIV_PER_MIN,meq/min,MDC_DIM_X_EQUIV_PER_HR,eq/h,MDC_DIM_MILLI_EQUIV_PER_HR,meq/h,MDC_DIM_X_EQUIV_PER_DAY,eq/d,MDC_DIM_MILLI_EQUIV_PER_DAY,meq/d,MDC_DIM_X_MOLE_PER_KG_PER_SEC,mol/kg/s,MDC_DIM_X_MOLE_PER_KG_PER_MIN,mol/kg/min,MDC_DIM_MILLI_MOLE_PER_KG_PER_MIN,mmol/kg/min,MDC_DIM_X_MOLE_PER_KG_PER_HR,mol/kg/h,MDC_DIM_MILLI_MOLE_PER_KG_PER_HR,mmol/kg/h,MDC_DIM_X_MOLE_PER_KG_PER_DAY,mol/kg/d,MDC_DIM_MILLI_MOLE_PER_KG_PER_DAY,mmol/kg/d,MDC_DIM_X_MOLE_PER_M_SQ_PER_SEC,mol/m2/s,MDC_DIM_X_MOLE_PER_M_SQ_PER_MIN,mol/m2/min,MDC_DIM_MILLI_MOLE_PER_M_SQ_PER_MIN,mmol/m2/min,MDC_DIM_X_MOLE_PER_M_SQ_PER_HR,mol/m2/h,MDC_DIM_MILLI_MOLE_PER_M_SQ_PER_HR,mmol/m2/h,MDC_DIM_X_MOLE_PER_M_SQ_PER_DAY,mol/m2/d,MDC_DIM_MILLI_MOLE_PER_M_SQ_PER_DAY,mmol/m2/d,MDC_DIM_X_EQUIV_PER_KG_PER_SEC,eq/kg/s,MDC_DIM_X_EQUIV_PER_KG_PER_MIN,eq/kg/min,MDC_DIM_MILLI_EQUIV_PER_KG_PER_MIN,meq/kg/min,MDC_DIM_X_EQUIV_PER_KG_PER_HR,eq/kg/h,MDC_DIM_MILLI_EQUIV_PER_KG_PER_HR,meq/kg/h,MDC_DIM_X_EQUIV_PER_KG_PER_DAY,eq/kg/d,MDC_DIM_MILLI_EQUIV_PER_KG_PER_DAY,meq/kg/d,MDC_DIM_X_EQUIV_PER_LB_PER_MIN,eq/[lb_av]/min,MDC_DIM_MILLI_EQUIV_PER_LB_PER_MIN,meq/[lb_av]/min,MDC_DIM_X_EQUIV_PER_LB_PER_HR,eq/[lb_av]/h,MDC_DIM_MILLI_EQUIV_PER_LB_PER_HR,meq/[lb_av]/h,MDC_DIM_X_EQUIV_PER_M_SQ_PER_MIN,eq/m2/min,MDC_DIM_MILLI_EQUIV_PER_M_SQ_PER_MIN,meq/m2/min,MDC_DIM_X_EQUIV_PER_M_SQ_PER_HR,eq/m2/h,MDC_DIM_MILLI_EQUIV_PER_M_SQ_PER_HR,meq/m2/h,MDC_DIM_X_EQUIV_PER_M_SQ_PER_DAY,eq/m2/d,MDC_DIM_MILLI_EQUIV_PER_M_SQ_PER_DAY,meq/m2/d,MDC_DIM_X_INTL_UNIT_PER_SEC,[iU]/s,MDC_DIM_MEGA_INTL_UNIT_PER_SEC,M[iU]/s,MDC_DIM_X_INTL_UNIT_PER_MIN,[iU]/min,MDC_DIM_MILLI_INTL_UNIT_PER_MIN,m[iU]/min,MDC_DIM_MEGA_INTL_UNIT_PER_MIN,M[iU]/min,MDC_DIM_X_INTL_UNIT_PER_HR,[iU]/h,MDC_DIM_MILLI_INTL_UNIT_PER_HR,m[iU]/h,MDC_DIM_MEGA_INTL_UNIT_PER_HR,M[iU]/h,MDC_DIM_X_INTL_UNIT_PER_DAY,[iU]/d,MDC_DIM_MILLI_INTL_UNIT_PER_DAY,m[iU]/d,MDC_DIM_MEGA_INTL_UNIT_PER_DAY,M[iU]/d,MDC_DIM_X_INTL_UNIT_PER_KG_PER_SEC,[iU]/kg/s,MDC_DIM_MILLI_INTL_UNIT_PER_KG_PER_SEC,m[iU]/kg/s,MDC_DIM_MEGA_INTL_UNIT_PER_KG_PER_SEC,M[iU]/kg/s,MDC_DIM_X_INTL_UNIT_PER_KG_PER_MIN,[iU]/kg/min,MDC_DIM_MILLI_INTL_UNIT_PER_KG_PER_MIN,m[iU]/kg/min,MDC_DIM_MEGA_INTL_UNIT_PER_KG_PER_MIN,M[iU]/kg/min,MDC_DIM_X_INTL_UNIT_PER_KG_PER_HR,[iU]/kg/h,MDC_DIM_MILLI_INTL_UNIT_PER_KG_PER_HR,m[iU]/kg/h,MDC_DIM_MEGA_INTL_UNIT_PER_KG_PER_HR,M[iU]/kg/h,MDC_DIM_X_INTL_UNIT_PER_KG_PER_DAY,[iU]/kg/d,MDC_DIM_MILLI_INTL_UNIT_PER_KG_PER_DAY,m[iU]/kg/d,MDC_DIM_MEGA_INTL_UNIT_PER_KG_PER_DAY,M[iU]/kg/d,MDC_DIM_X_INTL_UNIT_PER_LB_PER_MIN,[iU]/[lb_av]/min,MDC_DIM_MILLI_INTL_UNIT_PER_LB_PER_MIN,m[iU]/[lb_av]/min,MDC_DIM_X_INTL_UNIT_PER_LB_PER_HR,[iU]/[lb_av]/h,MDC_DIM_MILLI_INTL_UNIT_PER_LB_PER_HR,m[iU]/[lb_av]/h,MDC_DIM_X_INTL_UNIT_PER_M_SQ_PER_SEC,[iU]/m2/s,MDC_DIM_MILLI_INTL_UNIT_PER_M_SQ_PER_SEC,m[iU]/m2/s,MDC_DIM_MEGA_INTL_UNIT_PER_M_SQ_PER_SEC,M[iU]/m2/s,MDC_DIM_X_INTL_UNIT_PER_M_SQ_PER_MIN,[iU]/m2/min,MDC_DIM_MILLI_INTL_UNIT_PER_M_SQ_PER_MIN,m[iU]/m2/min,MDC_DIM_MEGA_INTL_UNIT_PER_M_SQ_PER_MIN,M[iU]/m2/min,MDC_DIM_X_INTL_UNIT_PER_M_SQ_PER_HR,[iU]/m2/h,MDC_DIM_MILLI_INTL_UNIT_PER_M_SQ_PER_HR,m[iU]/m2/h,MDC_DIM_MEGA_INTL_UNIT_PER_M_SQ_PER_HR,M[iU]/m2/h,MDC_DIM_X_INTL_UNIT_PER_M_SQ_PER_DAY,[iU]/m2/d,MDC_DIM_MILLI_INTL_UNIT_PER_M_SQ_PER_DAY,m[iU]/m2/d,MDC_DIM_MEGA_INTL_UNIT_PER_M_SQ_PER_DAY,M[iU]/m2/d,MDC_DIM_KILO_INTL_UNIT_PER_HR,k[iU]/h,MDC_DIM_KILO_INTL_UNIT_PER_DAY,k[iU]/d,MDC_DIM_KILO_INTL_UNIT_PER_KG_PER_HR,k[iU]/kg/h,MDC_DIM_KILO_INTL_UNIT_PER_KG_PER_DAY,k[iU]/kg/d,MDC_DIM_X_ARB_UNIT_PER_SEC,[arb'U]/s,MDC_DIM_X_ARB_UNIT_PER_MIN,[arb'U]/min,MDC_DIM_X_ARB_UNIT_PER_HR,[arb'U]/h,MDC_DIM_X_ARB_UNIT_PER_DAY,[arb'U]/d,MDC_DIM_X_ARB_UNIT_PER_KG_PER_SEC,[arb'U]/kg/s,MDC_DIM_X_ARB_UNIT_PER_KG_PER_MIN,[arb'U]/kg/min,MDC_DIM_X_ARB_UNIT_PER_KG_PER_HR,[arb'U]/kg/h,MDC_DIM_X_ARB_UNIT_PER_KG_PER_DAY,[arb'U]/kg/d,MDC_DIM_X_ARB_UNIT_PER_LB_PER_MIN,[arb'U]/[lb_av]/min,MDC_DIM_X_ARB_UNIT_PER_LB_PER_HR,[arb'U]/[lb_av]/h,MDC_DIM_X_ARB_UNIT_PER_M_SQ_PER_SEC,[arb'U]/m2/s,MDC_DIM_X_ARB_UNIT_PER_M_SQ_PER_MIN,[arb'U]/m2/min,MDC_DIM_X_ARB_UNIT_PER_M_SQ_PER_HR,[arb'U]/m2/h,MDC_DIM_X_ARB_UNIT_PER_M_SQ_PER_DAY,[arb'U]/m2/d,MDC_DIM_MEGA_ARB_UNIT_PER_DAY,M[arb'U]/d,MDC_DIM_MEGA_ARB_UNIT_PER_HR,M[arb'U]/h,MDC_DIM_MEGA_ARB_UNIT_PER_KG_PER_DAY,M[arb'U]/kg/d,MDC_DIM_MEGA_ARB_UNIT_PER_KG_PER_HR,M[arb'U]/kg/h,MDC_DIM_MEGA_ARB_UNIT_PER_KG_PER_MIN,M[arb'U]/kg/min,MDC_DIM_MEGA_ARB_UNIT_PER_KG_PER_SEC,M[arb'U]/kg/s,MDC_DIM_MEGA_ARB_UNIT_PER_M_SQ_PER_DAY,M[arb'U]/m2/d,MDC_DIM_MEGA_ARB_UNIT_PER_M_SQ_PER_HR,M[arb'U]/m2/h,MDC_DIM_MEGA_ARB_UNIT_PER_M_SQ_PER_MIN,M[arb'U]/m2/min,MDC_DIM_MEGA_ARB_UNIT_PER_M_SQ_PER_SEC,M[arb'U]/m2/s,MDC_DIM_MEGA_ARB_UNIT_PER_MIN,M[arb'U]/min,MDC_DIM_MEGA_ARB_UNIT_PER_SEC,M[arb'U]/s,MDC_DIM_KILO_ARB_UNIT_PER_DAY,k[arb'U]/d,MDC_DIM_KILO_ARB_UNIT_PER_HR,k[arb'U]/h,MDC_DIM_KILO_ARB_UNIT_PER_KG_PER_DAY,k[arb'U]/kg/d,MDC_DIM_KILO_ARB_UNIT_PER_KG_PER_HR,k[arb'U]/kg/h,MDC_DIM_MILLI_ARB_UNIT_PER_DAY,m[arb'U]/d,MDC_DIM_MILLI_ARB_UNIT_PER_HR,m[arb'U]/h,MDC_DIM_MILLI_ARB_UNIT_PER_KG_PER_DAY,m[arb'U]/kg/d,MDC_DIM_MILLI_ARB_UNIT_PER_KG_PER_HR,m[arb'U]/kg/h,MDC_DIM_MILLI_ARB_UNIT_PER_KG_PER_MIN,m[arb'U]/kg/min,MDC_DIM_MILLI_ARB_UNIT_PER_LB_PER_HR,m[arb'U]/[lb_av]/h,MDC_DIM_MILLI_ARB_UNIT_PER_LB_PER_MIN,m[arb'U]/[lb_av]/min,MDC_DIM_MILLI_ARB_UNIT_PER_M_SQ_PER_DAY,m[arb'U]/m2/d,MDC_DIM_MILLI_ARB_UNIT_PER_M_SQ_PER_HR,m[arb'U]/m2/h,MDC_DIM_MILLI_ARB_UNIT_PER_M_SQ_PER_MIN,m[arb'U]/m2/min,MDC_DIM_MILLI_ARB_UNIT_PER_M_SQ_PER_SEC,m[arb'U]/m2/s,MDC_DIM_MILLI_ARB_UNIT_PER_MIN,m[arb'U]/min,MDC_DIM_X_INTL_UNIT_PER_LB_PER_DAY,[iU]/[lb_av]/d,MDC_DIM_MILLI_INTL_UNIT_PER_LB_PER_DAY,m[iU]/[lb_av]/d,MDC_DIM_MILLI_L_PER_MIN,mL/min,MDC_DIM_MICRO_L_PER_MIN,uL/min,MDC_DIM_X_L_PER_HR,L/h,MDC_DIM_MILLI_L_PER_HR,mL/h,MDC_DIM_MILLI_L_PER_KG_PER_HR,mL/kg/h,MDC_DIM_MILLI_L_PER_M_SQ_PER_HR,mL/m2/h,MDC_DIM_X_L_PER_M_SQ_PER_MIN,L/m2/min,MDC_DIM_MILLI_L_PER_KG_PER_MIN,mL/kg/min,MDC_DIM_MILLI_L_PER_KG_PER_DAY,mL/kg/d,MDC_DIM_X_L_PER_M_SQ_PER_DAY,L/m2/d,MDC_DIM_MILLI_L_PER_M_SQ_PER_MIN,mL/m2/min,MDC_DIM_MILLI_L_PER_M_SQ_PER_DAY,mL/m2/d
MDC_RATE_PCA_MAX_DOSES_PER_HOUR,MDC_DIM_PER_HR,/h
MDC_RATIO_AWAY_DEADSP_TIDAL,MDC_DIM_DIMLESS,{unitless},1,MDC_DIM_PERCENT,%
MDC_RATIO_IE,MDC_DIM_DIMLESS,{unitless},1,MDC_DIM_PERCENT,%
MDC_RATIO_IE_SETTING,MDC_DIM_DIMLESS,{unitless},1,MDC_DIM_PERCENT,%
MDC_RATIO_INR_COAG,MDC_DIM_INR,{INR}
MDC_RATIO_INSP,MDC_DIM_PERCENT,%
MDC_RATIO_MASS_BODY_LEN_SQ,MDC_DIM_KILO_G_PER_M_SQ,kg/m2
MDC_REL_HUMIDITY_MICROENV,MDC_DIM_PERCENT,%
MDC_REL_HUMIDITY_MICROENV_SETTING,MDC_DIM_PERCENT,%
MDC_RESP_BTSD_PS_RATE,MDC_DIM_RESP_PER_MIN,/min,1/min,{breath}/min,{breaths}/min,{resp}/min
MDC_RESP_EXPENDED_ENERGY,MDC_DIM_KILO_CAL_PER_DAY,kcal/d
MDC_RESP_RAPID_SHALLOW_BREATHING_INDEX,MDC_DIM_BREATHS_PER_MIN_PER_L,/min/L,{breaths}/min/L,{breath}/min/L,MDC_DIM_BREATHS_PER_MIN_PER_MILLI_L,{breaths}/min/mL,{breath}/min/mL,/min/mL
MDC_RESP_RATE,MDC_DIM_RESP_PER_MIN,/min,1/min,{breath}/min,{breaths}/min,{resp}/min
MDC_RESP_SPONT_RATE,MDC_DIM_RESP_PER_MIN,/min,1/min,{breath}/min,{breaths}/min,{resp}/min
MDC_RESP_TIME_CONSTANT_EXP,MDC_DIM_MILLI_SEC,ms,MDC_DIM_SEC,s
MDC_RESP_TIME_CONSTANT_INSP,MDC_DIM_MILLI_SEC,ms,MDC_DIM_SEC,s
MDC_RES_AWAY,MDC_DIM_CM_H2O_PER_L_PER_SEC,cm[H2O].s/L,cm[H2O]/(L/s),MDC_DIM_MILLI_BAR_SEC_PER_L,mbar.s/L,mbar/(L/s),MDC_DIM_HECTO_PASCAL_SEC_PER_L,hPa.s/L,hPa/(L/s)
MDC_RES_AWAY_DYNAMIC,MDC_DIM_CM_H2O_PER_L_PER_SEC,cm[H2O].s/L,cm[H2O]/(L/s),MDC_DIM_MILLI_BAR_SEC_PER_L,mbar.s/L,mbar/(L/s),MDC_DIM_HECTO_PASCAL_SEC_PER_L,hPa.s/L,hPa/(L/s)
MDC_RES_AWAY_EXP,MDC_DIM_CM_H2O_PER_L_PER_SEC,cm[H2O].s/L,cm[H2O]/(L/s),MDC_DIM_MILLI_BAR_SEC_PER_L,mbar.s/L,mbar/(L/s),MDC_DIM_HECTO_PASCAL_SEC_PER_L,hPa.s/L,hPa/(L/s)
MDC_RES_AWAY_INSP,MDC_DIM_CM_H2O_PER_L_PER_SEC,cm[H2O].s/L,cm[H2O]/(L/s),MDC_DIM_MILLI_BAR_SEC_PER_L,mbar.s/L,mbar/(L/s),MDC_DIM_HECTO_PASCAL_SEC_PER_L,hPa.s/L,hPa/(L/s)
MDC_RES_VASC,MDC_DIM_DYNE_SEC_PER_CM_5,dyn.s/cm5,MDC_DIM_MMHG_SEC_PER_ML,[PRU],mm[Hg].s/mL,MDC_DIM_MMHG_MIN_PER_L,[wood'U],mm[Hg].min/L
MDC_RES_VASC_PULM,MDC_DIM_DYNE_SEC_PER_CM_5,dyn.s/cm5,MDC_DIM_MMHG_SEC_PER_ML,[PRU],mm[Hg].s/mL,MDC_DIM_MMHG_MIN_PER_L,[wood'U],mm[Hg].min/L
MDC_RES_VASC_PULM_INDEX,MDC_DIM_DYNE_SEC_M_SQ_PER_CM_5,dyn.s.m2/cm5,dyn.s.cm-5.m2
MDC_RES_VASC_SYS,MDC_DIM_DYNE_SEC_PER_CM_5,dyn.s/cm5,MDC_DIM_MMHG_SEC_PER_ML,[PRU],mm[Hg].s/mL,MDC_DIM_MMHG_MIN_PER_L,[wood'U],mm[Hg].min/L
MDC_RES_VASC_SYS_INDEX,MDC_DIM_DYNE_SEC_M_SQ_PER_CM_5,dyn.s.m2/cm5,dyn.s.cm-5.m2
MDC_SAT_DIFF_O2_ART_ALV,MDC_DIM_KILO_PASCAL,kPa,MDC_DIM_MMHG,mm[Hg]
MDC_SAT_O2_ART,MDC_DIM_PERCENT,%
MDC_SAT_O2_CONSUMP,MDC_DIM_MILLI_L_PER_MIN,mL/min
MDC_SAT_O2_CONSUMP_INDEX,MDC_DIM_MILLI_L_PER_MIN_PER_M_SQ,mL/min/m2
MDC_SAT_O2_DELIV_INDEX,MDC_DIM_MILLI_L_PER_MIN_PER_M_SQ,mL/min/m2
MDC_SAT_O2_QUAL,MDC_DIM_DIMLESS,{unitless},1,MDC_DIM_PERCENT,%
MDC_SAT_O2_VEN,MDC_DIM_PERCENT,%
MDC_SPO2_OXYGENATION_RATIO,MDC_DIM_PERCENT,%
MDC_SPO2_SIGNAL_QUALITY_INDEX,MDC_DIM_DIMLESS,{unitless},1,MDC_DIM_PERCENT,%
MDC_SYRINGE_MANUFACTURER,MDC_DIM_DIMLESS,{unitless},1
MDC_SYSTOLIC_TIME_RATIO,MDC_DIM_DIMLESS,{unitless},1
MDC_TARGET_LEVEL_COAG,MDC_DIM_INR,{INR}
MDC_TEMP,MDC_DIM_DEGC,Cel,MDC_DIM_FAHR,[degF]
MDC_TEMP_ART,MDC_DIM_DEGC,Cel,MDC_DIM_FAHR,[degF]
MDC_TEMP_AWAY,MDC_DIM_DEGC,Cel,MDC_DIM_FAHR,[degF]
MDC_TEMP_AXIL,MDC_DIM_DEGC,Cel,MDC_DIM_FAHR,[degF]
MDC_TEMP_AXILLA,MDC_DIM_DEGC,Cel,MDC_DIM_FAHR,[degF]
MDC_TEMP_BLD,MDC_DIM_DEGC,Cel,MDC_DIM_FAHR,[degF]
MDC_TEMP_BODY,MDC_DIM_DEGC,Cel,MDC_DIM_FAHR,[degF]
MDC_TEMP_CORE,MDC_DIM_DEGC,Cel,MDC_DIM_FAHR,[degF]
MDC_TEMP_DIFF,MDC_DIM_DEGC,Cel,MDC_DIM_FAHR,[degF]
MDC_TEMP_EAR,MDC_DIM_DEGC,Cel,MDC_DIM_FAHR,[degF]
MDC_TEMP_ESOPH,MDC_DIM_DEGC,Cel,MDC_DIM_FAHR,[degF]
MDC_TEMP_FINGER,MDC_DIM_DEGC,Cel,MDC_DIM_FAHR,[degF]
MDC_TEMP_FOLEY,MDC_DIM_DEGC,Cel,MDC_DIM_FAHR,[degF]
MDC_TEMP_GIT,MDC_DIM_DEGC,Cel,MDC_DIM_FAHR,[degF]
MDC_TEMP_INJ,MDC_DIM_DEGC,Cel,MDC_DIM_FAHR,[degF]
MDC_TEMP_MICROENV,MDC_DIM_DEGC,Cel,MDC_DIM_FAHR,[degF]
MDC_TEMP_MICROENV_SETTING,MDC_DIM_DEGC,Cel,MDC_DIM_FAHR,[degF]
MDC_TEMP_MYO,MDC_DIM_DEGC,Cel,MDC_DIM_FAHR,[degF]
MDC_TEMP_NASAL,MDC_DIM_DEGC,Cel,MDC_DIM_FAHR,[degF]
MDC_TEMP_NASOPH,MDC_DIM_DEGC,Cel,MDC_DIM_FAHR,[degF]
MDC_TEMP_ORAL,MDC_DIM_DEGC,Cel,MDC_DIM_FAHR,[degF]
MDC_TEMP_RECT,MDC_DIM_DEGC,Cel,MDC_DIM_FAHR,[degF]
MDC_TEMP_ROOM,MDC_DIM_DEGC,Cel,MDC_DIM_FAHR,[degF]
MDC_TEMP_SKIN,MDC_DIM_DEGC,Cel,MDC_DIM_FAHR,[degF]
MDC_TEMP_SKIN_SETTING,MDC_DIM_DEGC,Cel,MDC_DIM_FAHR,[degF]
MDC_TEMP_TCUT,MDC_DIM_DEGC,Cel,MDC_DIM_FAHR,[degF]
MDC_TEMP_TOE,MDC_DIM_DEGC,Cel,MDC_DIM_FAHR,[degF]
MDC_TEMP_TYMP,MDC_DIM_DEGC,Cel,MDC_DIM_FAHR,[degF]
MDC_TEMP_VEN,MDC_DIM_DEGC,Cel,MDC_DIM_FAHR,[degF]
MDC_THORACIC_FLUID_CONTENT,MDC_DIM_PER_KILO_OHM,1/kOhm,/kOhm
MDC_TIME_PCA_LOCKOUT,MDC_DIM_MIN,min
MDC_TIME_PD_APNEA,MDC_DIM_SEC,s
MDC_TIME_PD_APNEA_CENT,MDC_DIM_SEC,s
MDC_TIME_PD_APNEA_MIX,MDC_DIM_SEC,s
MDC_TIME_PD_APNEA_OBSTRUC,MDC_DIM_SEC,s
MDC_TIME_PD_APNEA_SETTING,MDC_DIM_SEC,s
MDC_TIME_PD_COAG,MDC_DIM_SEC,s
MDC_TIME_PD_DELAY,MDC_DIM_X_SEC,s,MDC_DIM_MIN,min,MDC_DIM_HR,h
MDC_TIME_PD_DELAY_REMAIN,MDC_DIM_X_SEC,s,MDC_DIM_MIN,min,MDC_DIM_HR,h
MDC_TIME_PD_DOSE_START_INTERVAL,MDC_DIM_MIN,min,MDC_DIM_HR,h
MDC_TIME_PD_EXP,MDC_DIM_MILLI_SEC,ms,MDC_DIM_SEC,s
MDC_TIME_PD_INSP,MDC_DIM_MILLI_SEC,ms,MDC_DIM_SEC,s
MDC_TIME_PD_PCA_DOSE_LIMIT,MDC_DIM_HR,h
MDC_TIME_PD_PROG,MDC_DIM_X_SEC,s,MDC_DIM_MIN,min,MDC_DIM_HR,h
MDC_TIME_PD_PUPIL_REACT_LEFT,MDC_DIM_SEC,s
MDC_TIME_PD_PUPIL_REACT_RIGHT,MDC_DIM_SEC,s
MDC_TIME_PD_REMAIN,MDC_DIM_MIN,min
MDC_TIME_PD_REMAIN_CONTAINER,MDC_DIM_X_SEC,s,MDC_DIM_MIN,min,MDC_DIM_HR,h
MDC_TIME_PD_VENT_L_AORT_EJCT,MDC_DIM_MILLI_SEC,ms
MDC_TIME_PD_VENT_L_AORT_PRE_EJCT,MDC_DIM_MILLI_SEC,ms
MDC_TIME_PD_VENT_L_AORT_VALV,MDC_DIM_MILLI_SEC,ms
MDC_TTHOR_HEART_RATE,MDC_DIM_BEAT_PER_MIN,/min,1/min,{beat}/min,{beats}/min
MDC_TTHOR_RESP_RATE,MDC_DIM_RESP_PER_MIN,/min,1/min,{breath}/min,{breaths}/min,{resp}/min
MDC_VELOCITY_INDEX,MDC_DIM_PER_KILO_SEC,/(1000.s)
MDC_VENT_CO2_RESP_RATE,MDC_DIM_RESP_PER_MIN,/min,1/min,{breath}/min,{breaths}/min,{resp}/min
MDC_VENT_CONC_AWAY_O2_DELTA,MDC_DIM_PERCENT,%,MDC_DIM_VOL_PERCENT,%{vol},MDC_DIM_KILO_PASCAL,kPa,MDC_DIM_MMHG,mm[Hg],MDC_DIM_MILLI_BAR,mbar
MDC_VENT_CONC_SUBST_DELTA,MDC_DIM_PERCENT,%,MDC_DIM_VOL_PERCENT,%{vol},MDC_DIM_KILO_PASCAL,kPa,MDC_DIM_MMHG,mm[Hg],MDC_DIM_MILLI_BAR,mbar
MDC_VENT_FLOW,MDC_DIM_MILLI_L_PER_MIN,mL/min,MDC_DIM_L_PER_SEC,L/s
MDC_VENT_FLOW_BIAS,MDC_DIM_MILLI_L_PER_MIN,mL/min,MDC_DIM_L_PER_SEC,L/s
MDC_VENT_FLOW_BIAS_SETTING,MDC_DIM_MILLI_L_PER_MIN,mL/min,MDC_DIM_L_PER_MIN,L/min
MDC_VENT_FLOW_CONTINUOUS,MDC_DIM_MILLI_L_PER_MIN,mL/min,MDC_DIM_L_PER_SEC,L/s
MDC_VENT_FLOW_CONTINUOUS_SETTING,MDC_DIM_MILLI_L_PER_MIN,mL/min,MDC_DIM_L_PER_SEC,L/s
MDC_VENT_FLOW_EXP,MDC_DIM_MILLI_L_PER_MIN,mL/min,MDC_DIM_L_PER_SEC,L/s,MDC_DIM_MILLI_L_PER_SEC,mL/s,MDC_DIM_L_PER_MIN,L/min
MDC_VENT_FLOW_EXP_MAX,MDC_DIM_MILLI_L_PER_MIN,mL/min,MDC_DIM_L_PER_SEC,L/s,MDC_DIM_MILLI_L_PER_SEC,mL/s,MDC_DIM_L_PER_MIN,L/min
MDC_VENT_FLOW_INSP,MDC_DIM_MILLI_L_PER_MIN,mL/min,MDC_DIM_L_PER_SEC,L/s,MDC_DIM_MILLI_L_PER_SEC,mL/s,MDC_DIM_L_PER_MIN,L/min
MDC_VENT_FLOW_INSP_MAX,MDC_DIM_MILLI_L_PER_MIN,mL/min,MDC_DIM_L_PER_SEC,L/s,MDC_DIM_MILLI_L_PER_SEC,mL/s,MDC_DIM_L_PER_MIN,L/min
MDC_VENT_FLOW_INSP_SETTING,MDC_DIM_MILLI_L_PER_MIN,mL/min,MDC_DIM_L_PER_SEC,L/s,MDC_DIM_MILLI_L_PER_SEC,mL/s,MDC_DIM_L_PER_MIN,L/min
MDC_VENT_FLOW_NEBULIZER,MDC_DIM_MILLI_L_PER_MIN,mL/min,MDC_DIM_L_PER_SEC,L/s
MDC_VENT_FLOW_RATIO_PERF_ALV_INDEX,MDC_DIM_MILLI_L_PER_MIN,mL/min,MDC_DIM_L_PER_SEC,L/s
MDC_VENT_FLOW_RESP_RATE,MDC_DIM_RESP_PER_MIN,/min,1/min,{breath}/min,{breaths}/min,{resp}/min
MDC_VENT_FLOW_THRESH_END_INSP,MDC_DIM_MILLI_L_PER_MIN,mL/min,MDC_DIM_L_PER_SEC,L/s
MDC_VENT_FLOW_THRESH_END_INSP_PERCENT,MDC_DIM_PERCENT,%
MDC_VENT_FLOW_THRESH_END_INSP_PERCENT_SETTING,MDC_DIM_PERCENT,%
MDC_VENT_FLOW_THRESH_END_INSP_SETTING,MDC_DIM_MILLI_L_PER_MIN,mL/min,MDC_DIM_L_PER_SEC,L/s
MDC_VENT_FLOW_TRIG_SENS,MDC_DIM_MILLI_L_PER_MIN,mL/min,MDC_DIM_L_PER_SEC,L/s
MDC_VENT_FLOW_TRIG_SENS_SETTING,MDC_DIM_MILLI_L_PER_MIN,mL/min,MDC_DIM_L_PER_MIN,L/min
MDC_VENT_MODE,MDC_DIM_DIMLESS,{unitless},1
MDC_VENT_PRESS,MDC_DIM_HECTO_PASCAL,hPa,MDC_DIM_KILO_PASCAL,kPa,MDC_DIM_MMHG,mm[Hg],MDC_DIM_CM_H2O,cm[H2O],MDC_DIM_MILLI_BAR,mbar
MDC_VENT_PRESS_AWAY,MDC_DIM_HECTO_PASCAL,hPa,MDC_DIM_KILO_PASCAL,kPa,MDC_DIM_MMHG,mm[Hg],MDC_DIM_CM_H2O,cm[H2O],MDC_DIM_MILLI_BAR,mbar
MDC_VENT_PRESS_AWAY_BACKUP,MDC_DIM_HECTO_PASCAL,hPa,MDC_DIM_KILO_PASCAL,kPa,MDC_DIM_MMHG,mm[Hg],MDC_DIM_CM_H2O,cm[H2O],MDC_DIM_MILLI_BAR,mbar
MDC_VENT_PRESS_AWAY_BACKUP_SETTING,MDC_DIM_HECTO_PASCAL,hPa,MDC_DIM_KILO_PASCAL,kPa,MDC_DIM_MMHG,mm[Hg],MDC_DIM_CM_H2O,cm[H2O],MDC_DIM_MILLI_BAR,mbar
MDC_VENT_PRESS_AWAY_BASELINE,MDC_DIM_HECTO_PASCAL,hPa,MDC_DIM_KILO_PASCAL,kPa,MDC_DIM_MMHG,mm[Hg],MDC_DIM_CM_H2O,cm[H2O],MDC_DIM_MILLI_BAR,mbar
MDC_VENT_PRESS_AWAY_BASELINE_SETTING,MDC_DIM_HECTO_PASCAL,hPa,MDC_DIM_KILO_PASCAL,kPa,MDC_DIM_MMHG,mm[Hg],MDC_DIM_CM_H2O,cm[H2O],MDC_DIM_MILLI_BAR,mbar
MDC_VENT_PRESS_AWAY_DELTA,MDC_DIM_HECTO_PASCAL,hPa,MDC_DIM_KILO_PASCAL,kPa,MDC_DIM_MMHG,mm[Hg],MDC_DIM_CM_H2O,cm[H2O],MDC_DIM_MILLI_BAR,mbar
MDC_VENT_PRESS_AWAY_DELTA_BACKUP,MDC_DIM_HECTO_PASCAL,hPa,MDC_DIM_KILO_PASCAL,kPa,MDC_DIM_MMHG,mm[Hg],MDC_DIM_CM_H2O,cm[H2O],MDC_DIM_MILLI_BAR,mbar
MDC_VENT_PRESS_AWAY_DELTA_BACKUP_SETTING,MDC_DIM_HECTO_PASCAL,hPa,MDC_DIM_KILO_PASCAL,kPa,MDC_DIM_MMHG,mm[Hg],MDC_DIM_CM_H2O,cm[H2O],MDC_DIM_MILLI_BAR,mbar
MDC_VENT_PRESS_AWAY_DELTA_LIMIT_PMIN,MDC_DIM_HECTO_PASCAL,hPa,MDC_DIM_KILO_PASCAL,kPa,MDC_DIM_MMHG,mm[Hg],MDC_DIM_CM_H2O,cm[H2O],MDC_DIM_MILLI_BAR,mbar
MDC_VENT_PRESS_AWAY_DELTA_LIMIT_PMIN_SETTING,MDC_DIM_HECTO_PASCAL,hPa,MDC_DIM_KILO_PASCAL,kPa,MDC_DIM_MMHG,mm[Hg],MDC_DIM_CM_H2O,cm[H2O],MDC_DIM_MILLI_BAR,mbar
MDC_VENT_PRESS_AWAY_DELTA_SETTING,MDC_DIM_HECTO_PASCAL,hPa,MDC_DIM_KILO_PASCAL,kPa,MDC_DIM_MMHG,mm[Hg],MDC_DIM_CM_H2O,cm[H2O],MDC_DIM_MILLI_BAR,mbar
MDC_VENT_PRESS_AWAY_DELTA_SUPP,MDC_DIM_HECTO_PASCAL,hPa,MDC_DIM_KILO_PASCAL,kPa,MDC_DIM_MMHG,mm[Hg],MDC_DIM_CM_H2O,cm[H2O],MDC_DIM_MILLI_BAR,mbar
MDC_VENT_PRESS_AWAY_DELTA_SUPP_SETTING,MDC_DIM_HECTO_PASCAL,hPa,MDC_DIM_KILO_PASCAL,kPa,MDC_DIM_MMHG,mm[Hg],MDC_DIM_CM_H2O,cm[H2O],MDC_DIM_MILLI_BAR,mbar
MDC_VENT_PRESS_AWAY_END_EXP_POS,MDC_DIM_HECTO_PASCAL,hPa,MDC_DIM_KILO_PASCAL,kPa,MDC_DIM_MMHG,mm[Hg],MDC_DIM_CM_H2O,cm[H2O],MDC_DIM_MILLI_BAR,mbar
MDC_VENT_PRESS_AWAY_END_EXP_POS_SETTING,MDC_DIM_HECTO_PASCAL,hPa,MDC_DIM_KILO_PASCAL,kPa,MDC_DIM_MMHG,mm[Hg],MDC_DIM_CM_H2O,cm[H2O],MDC_DIM_MILLI_BAR,mbar
MDC_VENT_PRESS_AWAY_EXP_PLOW,MDC_DIM_HECTO_PASCAL,hPa,MDC_DIM_KILO_PASCAL,kPa,MDC_DIM_MMHG,mm[Hg],MDC_DIM_CM_H2O,cm[H2O],MDC_DIM_MILLI_BAR,mbar
MDC_VENT_PRESS_AWAY_EXP_PLOW_SETTING,MDC_DIM_HECTO_PASCAL,hPa,MDC_DIM_KILO_PASCAL,kPa,MDC_DIM_MMHG,mm[Hg],MDC_DIM_CM_H2O,cm[H2O],MDC_DIM_MILLI_BAR,mbar
MDC_VENT_PRESS_AWAY_INSP_PHIGH,MDC_DIM_HECTO_PASCAL,hPa,MDC_DIM_KILO_PASCAL,kPa,MDC_DIM_MMHG,mm[Hg],MDC_DIM_CM_H2O,cm[H2O],MDC_DIM_MILLI_BAR,mbar
MDC_VENT_PRESS_AWAY_INSP_PHIGH_SETTING,MDC_DIM_HECTO_PASCAL,hPa,MDC_DIM_KILO_PASCAL,kPa,MDC_DIM_MMHG,mm[Hg],MDC_DIM_CM_H2O,cm[H2O],MDC_DIM_MILLI_BAR,mbar
MDC_VENT_PRESS_AWAY_LIMIT,MDC_DIM_HECTO_PASCAL,hPa,MDC_DIM_KILO_PASCAL,kPa,MDC_DIM_MMHG,mm[Hg],MDC_DIM_CM_H2O,cm[H2O],MDC_DIM_MILLI_BAR,mbar
MDC_VENT_PRESS_AWAY_LIMIT_PMAX,MDC_DIM_HECTO_PASCAL,hPa,MDC_DIM_KILO_PASCAL,kPa,MDC_DIM_MMHG,mm[Hg],MDC_DIM_CM_H2O,cm[H2O],MDC_DIM_MILLI_BAR,mbar
MDC_VENT_PRESS_AWAY_LIMIT_PMAX_SETTING,MDC_DIM_HECTO_PASCAL,hPa,MDC_DIM_KILO_PASCAL,kPa,MDC_DIM_MMHG,mm[Hg],MDC_DIM_CM_H2O,cm[H2O],MDC_DIM_MILLI_BAR,mbar
MDC_VENT_PRESS_AWAY_LIMIT_PMIN,MDC_DIM_HECTO_PASCAL,hPa,MDC_DIM_KILO_PASCAL,kPa,MDC_DIM_MMHG,mm[Hg],MDC_DIM_CM_H2O,cm[H2O],MDC_DIM_MILLI_BAR,mbar
MDC_VENT_PRESS_AWAY_LIMIT_PMIN_SETTING,MDC_DIM_HECTO_PASCAL,hPa,MDC_DIM_KILO_PASCAL,kPa,MDC_DIM_MMHG,mm[Hg],MDC_DIM_CM_H2O,cm[H2O],MDC_DIM_MILLI_BAR,mbar
MDC_VENT_PRESS_AWAY_LIMIT_RELIEF,MDC_DIM_HECTO_PASCAL,hPa,MDC_DIM_KILO_PASCAL,kPa,MDC_DIM_MMHG,mm[Hg],MDC_DIM_CM_H2O,cm[H2O],MDC_DIM_MILLI_BAR,mbar
MDC_VENT_PRESS_AWAY_LIMIT_RELIEF_SETTING,MDC_DIM_HECTO_PASCAL,hPa,MDC_DIM_KILO_PASCAL,kPa,MDC_DIM_MMHG,mm[Hg],MDC_DIM_CM_H2O,cm[H2O],MDC_DIM_MILLI_BAR,mbar
MDC_VENT_PRESS_AWAY_LIMIT_SETTING,MDC_DIM_HECTO_PASCAL,hPa,MDC_DIM_KILO_PASCAL,kPa,MDC_DIM_MMHG,mm[Hg],MDC_DIM_CM_H2O,cm[H2O],MDC_DIM_MILLI_BAR,mbar
MDC_VENT_PRESS_AWAY_MAX,MDC_DIM_HECTO_PASCAL,hPa,MDC_DIM_KILO_PASCAL,kPa,MDC_DIM_MMHG,mm[Hg],MDC_DIM_CM_H2O,cm[H2O],MDC_DIM_MILLI_BAR,mbar
MDC_VENT_PRESS_AWAY_MEAN,MDC_DIM_HECTO_PASCAL,hPa,MDC_DIM_KILO_PASCAL,kPa,MDC_DIM_MMHG,mm[Hg],MDC_DIM_CM_H2O,cm[H2O],MDC_DIM_MILLI_BAR,mbar
MDC_VENT_PRESS_AWAY_MIN,MDC_DIM_HECTO_PASCAL,hPa,MDC_DIM_KILO_PASCAL,kPa,MDC_DIM_MMHG,mm[Hg],MDC_DIM_CM_H2O,cm[H2O],MDC_DIM_MILLI_BAR,mbar
MDC_VENT_PRESS_AWAY_RISETIME_CTLD,MDC_DIM_MILLI_SEC,ms
MDC_VENT_PRESS_AWAY_RISETIME_CTLD_PERCENT,MDC_DIM_PERCENT,%
MDC_VENT_PRESS_AWAY_RISETIME_CTLD_PERCENT_SETTING,MDC_DIM_PERCENT,%
MDC_VENT_PRESS_AWAY_RISETIME_CTLD_SETTING,MDC_DIM_MILLI_SEC,ms
MDC_VENT_PRESS_AWAY_RISETIME_SUPP,MDC_DIM_MILLI_SEC,ms,MDC_DIM_SEC,s
MDC_VENT_PRESS_AWAY_RISETIME_SUPP_PERCENT,MDC_DIM_PERCENT,%
MDC_VENT_PRESS_AWAY_RISETIME_SUPP_PERCENT_SETTING,MDC_DIM_PERCENT,%
MDC_VENT_PRESS_AWAY_RISETIME_SUPP_SETTING,MDC_DIM_MILLI_SEC,ms,MDC_DIM_SEC,s
MDC_VENT_PRESS_AWAY_SETTING,MDC_DIM_HECTO_PASCAL,hPa,MDC_DIM_KILO_PASCAL,kPa,MDC_DIM_MMHG,mm[Hg],MDC_DIM_CM_H2O,cm[H2O],MDC_DIM_MILLI_BAR,mbar
MDC_VENT_PRESS_AWAY_SUPP,MDC_DIM_HECTO_PASCAL,hPa,MDC_DIM_KILO_PASCAL,kPa,MDC_DIM_MMHG,mm[Hg],MDC_DIM_CM_H2O,cm[H2O],MDC_DIM_MILLI_BAR,mbar
MDC_VENT_PRESS_AWAY_SUPP_SETTING,MDC_DIM_HECTO_PASCAL,hPa,MDC_DIM_KILO_PASCAL,kPa,MDC_DIM_MMHG,mm[Hg],MDC_DIM_CM_H2O,cm[H2O],MDC_DIM_MILLI_BAR,mbar
MDC_VENT_PRESS_MAX,MDC_DIM_HECTO_PASCAL,hPa,MDC_DIM_KILO_PASCAL,kPa,MDC_DIM_MMHG,mm[Hg],MDC_DIM_CM_H2O,cm[H2O],MDC_DIM_MILLI_BAR,mbar
MDC_VENT_PRESS_MIN,MDC_DIM_HECTO_PASCAL,hPa,MDC_DIM_KILO_PASCAL,kPa,MDC_DIM_MMHG,mm[Hg],MDC_DIM_CM_H2O,cm[H2O],MDC_DIM_MILLI_BAR,mbar
MDC_VENT_PRESS_OCCL,MDC_DIM_HECTO_PASCAL,hPa,MDC_DIM_KILO_PASCAL,kPa,MDC_DIM_MMHG,mm[Hg],MDC_DIM_CM_H2O,cm[H2O],MDC_DIM_MILLI_BAR,mbar
MDC_VENT_PRESS_OCCL_NIF,MDC_DIM_HECTO_PASCAL,hPa,MDC_DIM_KILO_PASCAL,kPa,MDC_DIM_MMHG,mm[Hg],MDC_DIM_CM_H2O,cm[H2O],MDC_DIM_MILLI_BAR,mbar
MDC_VENT_PRESS_OCCL_P100MS,MDC_DIM_HECTO_PASCAL,hPa,MDC_DIM_KILO_PASCAL,kPa,MDC_DIM_MMHG,mm[Hg],MDC_DIM_CM_H2O,cm[H2O],MDC_DIM_MILLI_BAR,mbar
MDC_VENT_PRESS_RESP_PLAT,MDC_DIM_HECTO_PASCAL,hPa,MDC_DIM_KILO_PASCAL,kPa,MDC_DIM_MMHG,mm[Hg],MDC_DIM_CM_H2O,cm[H2O],MDC_DIM_MILLI_BAR,mbar
MDC_VENT_PRESS_RESP_RATE,MDC_DIM_RESP_PER_MIN,/min,1/min,{breath}/min,{breaths}/min,{resp}/min
MDC_VENT_PRESS_TRIG_SENS,MDC_DIM_HECTO_PASCAL,hPa,MDC_DIM_KILO_PASCAL,kPa,MDC_DIM_MMHG,mm[Hg],MDC_DIM_CM_H2O,cm[H2O],MDC_DIM_MILLI_BAR,mbar
MDC_VENT_PRESS_TRIG_SENS_SETTING,MDC_DIM_HECTO_PASCAL,hPa,MDC_DIM_KILO_PASCAL,kPa,MDC_DIM_MMHG,mm[Hg],MDC_DIM_CM_H2O,cm[H2O],MDC_DIM_MILLI_BAR,mbar
MDC_VENT_RESP_BACKUP_RATE,MDC_DIM_RESP_PER_MIN,/min,1/min,{breath}/min,{breaths}/min,{resp}/min
MDC_VENT_RESP_BACKUP_RATE_SETTING,MDC_DIM_RESP_PER_MIN,/min,1/min,{breath}/min,{breaths}/min,{resp}/min
MDC_VENT_RESP_BTSD_AZC_RATE,MDC_DIM_RESP_PER_MIN,/min,1/min,{breath}/min,{breaths}/min,{resp}/min
MDC_VENT_RESP_BTSD_A_RATE,MDC_DIM_RESP_PER_MIN,/min,1/min,{breath}/min,{breaths}/min,{resp}/min
MDC_VENT_RESP_BTSD_C_RATE,MDC_DIM_RESP_PER_MIN,/min,1/min,{breath}/min,{breaths}/min,{resp}/min
MDC_VENT_RESP_BTSD_PSAZC_RATE,MDC_DIM_RESP_PER_MIN,/min,1/min,{breath}/min,{breaths}/min,{resp}/min
MDC_VENT_RESP_BTSD_PSAZ_RATE,MDC_DIM_RESP_PER_MIN,/min,1/min,{breath}/min,{breaths}/min,{resp}/min
MDC_VENT_RESP_BTSD_PS_RATE,MDC_DIM_RESP_PER_MIN,/min,1/min,{breath}/min,{breaths}/min,{resp}/min
MDC_VENT_RESP_BTSD_P_RATE,MDC_DIM_RESP_PER_MIN,/min,1/min,{breath}/min,{breaths}/min,{resp}/min
MDC_VENT_RESP_BTSD_S_RATE,MDC_DIM_RESP_PER_MIN,/min,1/min,{breath}/min,{breaths}/min,{resp}/min
MDC_VENT_RESP_BTSD_Z_RATE,MDC_DIM_RESP_PER_MIN,/min,1/min,{breath}/min,{breaths}/min,{resp}/min
MDC_VENT_RESP_RATE,MDC_DIM_RESP_PER_MIN,/min,1/min,{breath}/min,{breaths}/min,{resp}/min
MDC_VENT_RESP_RATE_AVG_SETTING,MDC_DIM_RESP_PER_MIN,/min,1/min,{breath}/min,{breaths}/min,{resp}/min
MDC_VENT_RESP_RATE_MEAN_SETTING,MDC_DIM_RESP_PER_MIN,/min,1/min,{breath}/min,{breaths}/min,{resp}/min
MDC_VENT_RESP_RATE_MIN_SETTING,MDC_DIM_RESP_PER_MIN,/min,1/min,{breath}/min,{breaths}/min,{resp}/min
MDC_VENT_RESP_RATE_SETTING,MDC_DIM_RESP_PER_MIN,/min,1/min,{breath}/min,{breaths}/min,{resp}/min
MDC_VENT_RESP_TARGET_AUTO_RATE,MDC_DIM_RESP_PER_MIN,/min,1/min,{breath}/min,{breaths}/min,{resp}/min
MDC_VENT_SIGH_MULT_RATE,MDC_DIM_RESP_PER_MIN,/min,1/min,{breath}/min,{breaths}/min,{resp}/min
MDC_VENT_SIGH_RATE,MDC_DIM_RESP_PER_MIN,/min,1/min,{breath}/min,{breaths}/min,{resp}/min
MDC_VENT_TIME_PD_EXP_HOLD,MDC_DIM_SEC,s
MDC_VENT_TIME_PD_EXP_HOLD_SETTING,MDC_DIM_SEC,s
MDC_VENT_TIME_PD_EXP_PAUSE,MDC_DIM_MILLI_SEC,ms,MDC_DIM_SEC,s
MDC_VENT_TIME_PD_EXP_TLOW,MDC_DIM_MILLI_SEC,ms,MDC_DIM_SEC,s
MDC_VENT_TIME_PD_EXP_TLOW_SETTING,MDC_DIM_MILLI_SEC,ms,MDC_DIM_SEC,s
MDC_VENT_TIME_PD_INSP,MDC_DIM_MILLI_SEC,ms,MDC_DIM_SEC,s
MDC_VENT_TIME_PD_INSP_BACKUP,MDC_DIM_MILLI_SEC,ms,MDC_DIM_SEC,s
MDC_VENT_TIME_PD_INSP_BACKUP_SETTING,MDC_DIM_MILLI_SEC,ms,MDC_DIM_SEC,s
MDC_VENT_TIME_PD_INSP_HOLD,MDC_DIM_SEC,s
MDC_VENT_TIME_PD_INSP_HOLD_SETTING,MDC_DIM_SEC,s
MDC_VENT_TIME_PD_INSP_MAX_SETTING,MDC_DIM_MILLI_SEC,ms,MDC_DIM_SEC,s
MDC_VENT_TIME_PD_INSP_PAUSE,MDC_DIM_MILLI_SEC,ms,MDC_DIM_SEC,s
MDC_VENT_TIME_PD_INSP_PAUSE_PERCENT,MDC_DIM_PERCENT,%
MDC_VENT_TIME_PD_INSP_PAUSE_PERCENT_SETTING,MDC_DIM_PERCENT,%
MDC_VENT_TIME_PD_INSP_PAUSE_SETTING,MDC_DIM_MILLI_SEC,ms,MDC_DIM_SEC,s
MDC_VENT_TIME_PD_INSP_PERCENT,MDC_DIM_PERCENT,%
MDC_VENT_TIME_PD_INSP_PERCENT_SETTING,MDC_DIM_PERCENT,%
MDC_VENT_TIME_PD_INSP_SETTING,MDC_DIM_MILLI_SEC,ms,MDC_DIM_SEC,s
MDC_VENT_TIME_PD_INSP_THIGH,MDC_DIM_MILLI_SEC,ms,MDC_DIM_SEC,s
MDC_VENT_TIME_PD_INSP_THIGH_SETTING,MDC_DIM_MILLI_SEC,ms,MDC_DIM_SEC,s
MDC_VENT_TIME_PD_PPV,MDC_DIM_MILLI_SEC,ms,MDC_DIM_SEC,s
MDC_VENT_TIME_PD_SUPP_MAX,MDC_DIM_MILLI_SEC,ms,MDC_DIM_SEC,s
MDC_VENT_TIME_PD_SUPP_MAX_SETTING,MDC_DIM_MILLI_SEC,ms,MDC_DIM_SEC,s
MDC_VENT_TUBE_COMPENSATION_LEVEL,MDC_DIM_PERCENT,%
MDC_VENT_TUBE_SIZE,MDC_DIM_MILLI_M,mm
MDC_VENT_VOL_AWAY_DEADSP,MDC_DIM_MILLI_L,mL
MDC_VENT_VOL_AWAY_DEADSP_REL,MDC_DIM_DIMLESS,{unitless},1,MDC_DIM_PERCENT,%
MDC_VENT_VOL_LEAK,MDC_DIM_MILLI_L_PER_MIN,mL/min,MDC_DIM_PERCENT,%,MDC_DIM_L_PER_MIN,L/min
MDC_VENT_VOL_LEAK_PERCENT,MDC_DIM_PERCENT,%
MDC_VENT_VOL_LUNG_ALV,MDC_DIM_MILLI_L,mL,MDC_DIM_L,L
MDC_VENT_VOL_LUNG_TRAPD,MDC_DIM_MILLI_L,mL,MDC_DIM_L,L
MDC_VENT_VOL_MINUTE,MDC_DIM_MILLI_L_PER_MIN,mL/min,MDC_DIM_L_PER_SEC,L/s
MDC_VENT_VOL_MINUTE_AWAY,MDC_DIM_MILLI_L_PER_MIN,mL/min,MDC_DIM_L_PER_SEC,L/s
MDC_VENT_VOL_MINUTE_AWAY_INSP,MDC_DIM_MILLI_L_PER_MIN,mL/min,MDC_DIM_L_PER_SEC,L/s
MDC_VENT_VOL_MINUTE_AWAY_MAND,MDC_DIM_MILLI_L_PER_MIN,mL/min,MDC_DIM_L_PER_SEC,L/s
MDC_VENT_VOL_MINUTE_AWAY_MAND_SETTING,MDC_DIM_MILLI_L_PER_MIN,mL/min,MDC_DIM_L_PER_SEC,L/s
MDC_VENT_VOL_MINUTE_AWAY_SETTING,MDC_DIM_MILLI_L_PER_MIN,mL/min,MDC_DIM_L_PER_SEC,L/s
MDC_VENT_VOL_MINUTE_EXP,MDC_DIM_MILLI_L_PER_MIN,mL/min,MDC_DIM_L_PER_SEC,L/s
MDC_VENT_VOL_MINUTE_INSP,MDC_DIM_MILLI_L_PER_MIN,mL/min,MDC_DIM_L_PER_SEC,L/s
MDC_VENT_VOL_MINUTE_LUNG_ALV,MDC_DIM_MILLI_L_PER_MIN,mL/min,MDC_DIM_L_PER_SEC,L/s
MDC_VENT_VOL_TIDAL,MDC_DIM_MILLI_L,mL,MDC_DIM_L,L
MDC_VENT_VOL_TIDAL_BACKUP,MDC_DIM_MILLI_L,mL,MDC_DIM_L,L
MDC_VENT_VOL_TIDAL_BACKUP_SETTING,MDC_DIM_MILLI_L,mL,MDC_DIM_L,L
MDC_VENT_VOL_TIDAL_INSP,MDC_DIM_MILLI_L,mL,MDC_DIM_L,L
MDC_VENT_VOL_TIDAL_INSP_MIN_SETTING,MDC_DIM_MILLI_L,mL
MDC_VENT_VOL_TIDAL_INSP_SETTING,MDC_DIM_MILLI_L,mL,MDC_DIM_L,L
MDC_VENT_VOL_TIDAL_SETTING,MDC_DIM_MILLI_L,mL,MDC_DIM_L,L
MDC_VENT_VOL_TIDAL_TARGET_AUTO,MDC_DIM_MILLI_L,mL,MDC_DIM_L,L
MDC_VOL_AWAY,MDC_DIM_MILLI_L,mL,MDC_DIM_L,L
MDC_VOL_AWAY_DEADSP,MDC_DIM_MILLI_L,mL,MDC_DIM_L,L
MDC_VOL_AWAY_EXP_FORCED_1S,MDC_DIM_MILLI_L,mL,MDC_DIM_L,L
MDC_VOL_AWAY_EXP_FORCED_EXP_6S,MDC_DIM_MILLI_L,mL,MDC_DIM_L,L
MDC_VOL_AWAY_TIDAL,MDC_DIM_MILLI_L,mL,MDC_DIM_L,L
MDC_VOL_AWAY_TIDAL_CO2_EXP,MDC_DIM_MILLI_L,mL
MDC_VOL_AWAY_TIDAL_CO2_INSP,MDC_DIM_MILLI_L,mL
MDC_VOL_AWAY_TIDAL_EXP,MDC_DIM_MILLI_L,mL,MDC_DIM_L,L
MDC_VOL_AWAY_TIDAL_EXP_BTSD_AZC,MDC_DIM_MILLI_L,mL,MDC_DIM_L,L
MDC_VOL_AWAY_TIDAL_EXP_BTSD_PS,MDC_DIM_MILLI_L,mL,MDC_DIM_L,L
MDC_VOL_AWAY_TIDAL_EXP_BTSD_PSAZC,MDC_DIM_MILLI_L,mL,MDC_DIM_L,L
MDC_VOL_AWAY_TIDAL_EXP_BTSD_PSAZC_PER_IBW,MDC_DIM_MILLI_L_PER_KG,mL/kg,MDC_DIM_L_PER_KG,L/kg
MDC_VOL_AWAY_TIDAL_EXP_BTSD_PS_PER_IBW,MDC_DIM_MILLI_L_PER_KG,mL/kg,MDC_DIM_L_PER_KG,L/kg
MDC_VOL_AWAY_TIDAL_EXP_PER_IBW,MDC_DIM_MILLI_L_PER_KG,mL/kg,MDC_DIM_L_PER_KG,L/kg
MDC_VOL_AWAY_TIDAL_INSP,MDC_DIM_MILLI_L,mL,MDC_DIM_L,L
MDC_VOL_AWAY_TIDAL_O2_EXP,MDC_DIM_MILLI_L,mL
MDC_VOL_AWAY_TIDAL_O2_INSP,MDC_DIM_MILLI_L,mL
MDC_VOL_AWAY_TIDAL_PER_IBW,MDC_DIM_MILLI_L_PER_KG,mL/kg,MDC_DIM_L_PER_KG,L/kg
MDC_VOL_AWAY_TIDAL_PER_IBW_SETTING,MDC_DIM_MILLI_L_PER_KG,mL/kg,MDC_DIM_L_PER_KG,L/kg
MDC_VOL_BLD_STROKE,MDC_DIM_MILLI_L,mL,MDC_DIM_MILLI_L_PER_BEAT,mL/{beat}
MDC_VOL_BLD_STROKE_INDEX,MDC_DIM_MILLI_L_PER_M_SQ,mL/m2
MDC_VOL_DELIV_AIR_CASE,MDC_DIM_MILLI_L,mL,MDC_DIM_L,L
MDC_VOL_DELIV_AIR_TOTAL,MDC_DIM_MILLI_L,mL,MDC_DIM_L,L
MDC_VOL_DELIV_CO2_CASE,MDC_DIM_MILLI_L,mL,MDC_DIM_L,L
MDC_VOL_DELIV_CO2_TOTAL,MDC_DIM_MILLI_L,mL,MDC_DIM_L,L
MDC_VOL_DELIV_DESFL_CASE,MDC_DIM_MILLI_L,mL
MDC_VOL_DELIV_DESFL_LIQUID_CASE,MDC_DIM_MILLI_L,mL
MDC_VOL_DELIV_DESFL_LIQUID_TOTAL,MDC_DIM_MILLI_L,mL
MDC_VOL_DELIV_DESFL_TOTAL,MDC_DIM_MILLI_L,mL
MDC_VOL_DELIV_ENFL_CASE,MDC_DIM_MILLI_L,mL
MDC_VOL_DELIV_ENFL_LIQUID_CASE,MDC_DIM_MILLI_L,mL
MDC_VOL_DELIV_ENFL_LIQUID_TOTAL,MDC_DIM_MILLI_L,mL
MDC_VOL_DELIV_ENFL_TOTAL,MDC_DIM_MILLI_L,mL
MDC_VOL_DELIV_HALOTH_CASE,MDC_DIM_MILLI_L,mL
MDC_VOL_DELIV_HALOTH_LIQUID_CASE,MDC_DIM_MILLI_L,mL
MDC_VOL_DELIV_HALOTH_LIQUID_TOTAL,MDC_DIM_MILLI_L,mL
MDC_VOL_DELIV_HALOTH_TOTAL,MDC_DIM_MILLI_L,mL
MDC_VOL_DELIV_HE_CASE,MDC_DIM_MILLI_L,mL,MDC_DIM_L,L
MDC_VOL_DELIV_HE_TOTAL,MDC_DIM_MILLI_L,mL,MDC_DIM_L,L
MDC_VOL_DELIV_ISOFL_CASE,MDC_DIM_MILLI_L,mL
MDC_VOL_DELIV_ISOFL_LIQUID_CASE,MDC_DIM_MILLI_L,mL
MDC_VOL_DELIV_ISOFL_LIQUID_TOTAL,MDC_DIM_MILLI_L,mL
MDC_VOL_DELIV_ISOFL_TOTAL,MDC_DIM_MILLI_L,mL
MDC_VOL_DELIV_N2O_CASE,MDC_DIM_MILLI_L,mL,MDC_DIM_L,L
MDC_VOL_DELIV_N2O_TOTAL,MDC_DIM_MILLI_L,mL,MDC_DIM_L,L
MDC_VOL_DELIV_NO_CASE,MDC_DIM_MILLI_L,mL,MDC_DIM_L,L
MDC_VOL_DELIV_NO_TOTAL,MDC_DIM_MILLI_L,mL,MDC_DIM_L,L
MDC_VOL_DELIV_O2_CASE,MDC_DIM_MILLI_L,mL,MDC_DIM_L,L
MDC_VOL_DELIV_O2_TOTAL,MDC_DIM_MILLI_L,mL,MDC_DIM_L,L
MDC_VOL_DELIV_SEVOFL_CASE,MDC_DIM_MILLI_L,mL
MDC_VOL_DELIV_SEVOFL_LIQUID_CASE,MDC_DIM_MILLI_L,mL
MDC_VOL_DELIV_SEVOFL_LIQUID_TOTAL,MDC_DIM_MILLI_L,mL
MDC_VOL_DELIV_SEVOFL_TOTAL,MDC_DIM_MILLI_L,mL
MDC_VOL_DELIV_XE_CASE,MDC_DIM_MILLI_L,mL,MDC_DIM_L,L
MDC_VOL_DELIV_XE_TOTAL,MDC_DIM_MILLI_L,mL,MDC_DIM_L,L
MDC_VOL_FLUID_CONTAINER_START,MDC_DIM_MILLI_L,mL
MDC_VOL_FLUID_DELIV,MDC_DIM_MILLI_L,mL
MDC_VOL_FLUID_DELIV_SEGMENT,MDC_DIM_MILLI_L,mL
MDC_VOL_FLUID_DELIV_TOTAL,MDC_DIM_MILLI_L,mL
MDC_VOL_FLUID_DELIV_TOTAL_SET,MDC_DIM_MILLI_L,mL
MDC_VOL_FLUID_TBI,MDC_DIM_MILLI_L,mL
MDC_VOL_FLUID_TBI_REMAIN,MDC_DIM_MILLI_L,mL
MDC_VOL_GAS_INSP_SINCE_START,MDC_DIM_MILLI_L,mL,MDC_DIM_L,L
MDC_VOL_MINUTE_AWAY,MDC_DIM_MILLI_L_PER_MIN,mL/min,MDC_DIM_L_PER_MIN,L/min,MDC_DIM_L_PER_SEC,L/s
MDC_VOL_MINUTE_AWAY_EXP,MDC_DIM_MILLI_L_PER_MIN,mL/min,MDC_DIM_L_PER_MIN,L/min
MDC_VOL_MINUTE_AWAY_EXP_BTSD_AZC,MDC_DIM_MILLI_L_PER_MIN,mL/min,MDC_DIM_L_PER_MIN,L/min
MDC_VOL_MINUTE_AWAY_EXP_BTSD_PS,MDC_DIM_MILLI_L_PER_MIN,mL/min,MDC_DIM_L_PER_SEC,L/s
MDC_VOL_MINUTE_AWAY_EXP_BTSD_PSAZC,MDC_DIM_MILLI_L_PER_MIN,mL/min,MDC_DIM_L_PER_SEC,L/s
MDC_VOL_MINUTE_AWAY_EXP_BTSD_PSAZC_PER_IBW,MDC_DIM_L_PER_MIN_PER_KG,L/min/kg,MDC_DIM_MILLI_L_PER_MIN_PER_KG,mL/min/kg
MDC_VOL_MINUTE_AWAY_EXP_BTSD_PS_PER_IBW,MDC_DIM_L_PER_MIN_PER_KG,L/min/kg,MDC_DIM_MILLI_L_PER_MIN_PER_KG,mL/min/kg
MDC_VOL_MINUTE_AWAY_EXP_PER_IBW,MDC_DIM_L_PER_MIN_PER_KG,L/min/kg,MDC_DIM_MILLI_L_PER_MIN_PER_KG,mL/min/kg
MDC_VOL_MINUTE_AWAY_IBW_PCTOF_REF_SETTING,MDC_DIM_PERCENT,%
MDC_VOL_MINUTE_AWAY_IBW_REF,MDC_DIM_MILLI_L_PER_MIN,mL/min,MDC_DIM_L_PER_SEC,L/s
MDC_VOL_MINUTE_AWAY_IBW_TARGET,MDC_DIM_MILLI_L_PER_MIN,mL/min,MDC_DIM_L_PER_SEC,L/s
MDC_VOL_MINUTE_AWAY_INSP,MDC_DIM_MILLI_L_PER_MIN,mL/min,MDC_DIM_L_PER_MIN,L/min
MDC_VOL_REMAIN_CONTAINER,MDC_DIM_MILLI_L,mL
MDC_VOL_SYRINGE_ACTUAL,MDC_DIM_MILLI_L,mL
MDC_VOL_URINE_COL,MDC_DIM_MILLI_L,mL,MDC_DIM_L,L
MDC_VOL_VENT_L_END_DIA,MDC_DIM_MILLI_L,mL
MDC_VOL_VENT_L_END_SYS,MDC_DIM_MILLI_L,mL
MDC_WK_CARD_LEFT,MDC_DIM_G_FORCE_M,gf.m
MDC_WK_CARD_RIGHT,MDC_DIM_G_FORCE_M,gf.m
MDC_WK_LV_STROKE,MDC_DIM_G_FORCE_M,gf.m
MDC_WK_LV_STROKE_INDEX,MDC_DIM_KILO_G_FORCE_M_PER_M_SQ,kgf.m/m2,MDC_DIM_G_FORCE_M_PER_M_SQ,gf.m/m2
MDC_WK_LV_WORK_INDEX,MDC_DIM_KILO_G_FORCE_M_PER_MIN_PER_M2,kgf.m/min/m2,MDC_DIM_G_FORCE_M_PER_MIN_PER_M2,gf.m/min/m2
MDC_WK_RV_STROKE_INDEX,MDC_DIM_KILO_G_FORCE_M_PER_M_SQ,kgf.m/m2,MDC_DIM_G_FORCE_M_PER_M_SQ,gf.m/m2
MDC_WORK_OF_BREATHING_IMPOSED,MDC_DIM_JOULES_PER_L,J/L,MDC_DIM_JOULES_PER_L_PER_KG,J/L/kg,MDC_DIM_JOULES_PER_ML_PER_KG,J/mL/kg,MDC_DIM_JOULES_PER_BREATH,J/{breath},MDC_DIM_JOULES_PER_ML,J/mL,MDC_DIM_JOULES_PER_DAY,J/d,MDC_DIM_JOULES_PER_L_PER_SEC,J/L/s
MDC_WORK_OF_BREATHING_PATIENT,MDC_DIM_JOULES_PER_L,J/L,MDC_DIM_JOULES_PER_L_PER_KG,J/L/kg,MDC_DIM_JOULES_PER_ML_PER_KG,J/mL/kg,MDC_DIM_JOULES_PER_BREATH,J/{breath},MDC_DIM_JOULES_PER_ML,J/mL,MDC_DIM_JOULES_PER_DAY,J/d,MDC_DIM_JOULES_PER_L_PER_SEC,J/L/s
MDC_WORK_OF_BREATHING_PATIENT_ELASTIC,MDC_DIM_JOULES_PER_L,J/L,MDC_DIM_JOULES_PER_L_PER_KG,J/L/kg,MDC_DIM_JOULES_PER_ML_PER_KG,J/mL/kg,MDC_DIM_JOULES_PER_BREATH,J/{breath},MDC_DIM_JOULES_PER_ML,J/mL,MDC_DIM_JOULES_PER_DAY,J/d,MDC_DIM_JOULES_PER_L_PER_SEC,J/L/s
MDC_WORK_OF_BREATHING_PATIENT_RESISTIVE,MDC_DIM_JOULES_PER_L,J/L,MDC_DIM_JOULES_PER_L_PER_KG,J/L/kg,MDC_DIM_JOULES_PER_ML_PER_KG,J/mL/kg,MDC_DIM_JOULES_PER_BREATH,J/{breath},MDC_DIM_JOULES_PER_ML,J/mL,MDC_DIM_JOULES_PER_DAY,J/d,MDC_DIM_JOULES_PER_L_PER_SEC,J/L/s
MDC_WORK_OF_BREATHING_VENTILATOR,MDC_DIM_JOULES_PER_L,J/L,MDC_DIM_JOULES_PER_L_PER_KG,J/L/kg,MDC_DIM_JOULES_PER_ML_PER_KG,J/mL/kg,MDC_DIM_JOULES_PER_BREATH,J/{breath},MDC_DIM_JOULES_PER_ML,J/mL,MDC_DIM_JOULES_PER_DAY,J/d,MDC_DIM_JOULES_PER_L_PER_SEC,J/L/s
